"_time",host,Image,ProcessId,ParentImage,ParentProcessId,sha1
"2016-08-24T18:27:26.000+0000",we8105desk,"C:\Windows\System32\taskhost.exe",2384,"C:\Windows\System32\services.exe",592,61478D71931FB3E304BC341236AB0DB1D6C26E09
"2016-08-24T18:27:24.000+0000",we8105desk,"C:\Windows\SysWOW64\dllhost.exe",5012,"C:\Windows\System32\svchost.exe",708,ACE762C51DB1908C858C898D7E0F9B36F788D2D9
"2016-08-24T18:25:17.000+0000",we1149srv,"C:\Windows\System32\wbem\WmiPrvSE.exe",2688,"C:\Windows\System32\svchost.exe",512,5A4C0E82FF95C9FB762D46A696EF9F1B68001C21
"2016-08-24T18:25:15.000+0000",we1149srv,"C:\Windows\System32\wbem\WmiPrvSE.exe",4012,"C:\Windows\System32\svchost.exe",512,5A4C0E82FF95C9FB762D46A696EF9F1B68001C21
"2016-08-24T18:21:06.000+0000",we8105desk,"C:\Windows\System32\wbem\WmiPrvSE.exe",4868,"C:\Windows\System32\svchost.exe",708,9F5A4796B58D8B104A1C0F5A63DAF0032B947966
"2016-08-24T18:17:35.000+0000",we8105desk,"C:\Windows\System32\w32tm.exe",5056,"C:\Windows\System32\sdiagnhost.exe",5024,624BFB1402A3078074F6B3F747DB534F300E89B4
"2016-08-24T18:17:33.000+0000",we8105desk,"C:\Windows\System32\PING.EXE",4340,"C:\Windows\System32\sdiagnhost.exe",5024,41C4E1E9ABE08B218F5EA60D8AE41A5F523E7534
"2016-08-24T18:17:33.000+0000",we8105desk,"C:\Windows\System32\w32tm.exe",4944,"C:\Windows\System32\sdiagnhost.exe",5024,624BFB1402A3078074F6B3F747DB534F300E89B4
"2016-08-24T18:17:31.000+0000",we8105desk,"C:\Windows\Microsoft.NET\Framework64\v2.0.50727\cvtres.exe",1208,"C:\Windows\Microsoft.NET\Framework64\v2.0.50727\csc.exe",4404,46F879FD7B8919ED3B383376AE4408F7AC9CF9A4
"2016-08-24T18:17:31.000+0000",we8105desk,"C:\Windows\Microsoft.NET\Framework64\v2.0.50727\csc.exe",4404,"C:\Windows\System32\sdiagnhost.exe",5024,1E2B20BBAE4A22338D9C0AE42971DCE3B7C80C89
"2016-08-24T18:17:31.000+0000",we8105desk,"C:\Windows\System32\wbem\WmiPrvSE.exe",2676,"C:\Windows\System32\svchost.exe",708,9F5A4796B58D8B104A1C0F5A63DAF0032B947966
"2016-08-24T18:17:31.000+0000",we8105desk,"C:\Windows\Microsoft.NET\Framework64\v2.0.50727\cvtres.exe",2736,"C:\Windows\Microsoft.NET\Framework64\v2.0.50727\csc.exe",4956,46F879FD7B8919ED3B383376AE4408F7AC9CF9A4
"2016-08-24T18:17:31.000+0000",we8105desk,"C:\Windows\Microsoft.NET\Framework64\v2.0.50727\csc.exe",4956,"C:\Windows\System32\sdiagnhost.exe",5024,1E2B20BBAE4A22338D9C0AE42971DCE3B7C80C89
"2016-08-24T18:17:31.000+0000",we8105desk,"C:\Windows\Microsoft.NET\Framework64\v2.0.50727\cvtres.exe",3776,"C:\Windows\Microsoft.NET\Framework64\v2.0.50727\csc.exe",808,46F879FD7B8919ED3B383376AE4408F7AC9CF9A4
"2016-08-24T18:17:31.000+0000",we8105desk,"C:\Windows\Microsoft.NET\Framework64\v2.0.50727\csc.exe",808,"C:\Windows\System32\sdiagnhost.exe",5024,1E2B20BBAE4A22338D9C0AE42971DCE3B7C80C89
"2016-08-24T18:17:29.000+0000",we8105desk,"C:\Windows\System32\conhost.exe",4316,"C:\Windows\System32\csrss.exe",544,680DEC0F8907F4B8911FBE2AA5F2FD25425BE0B0
"2016-08-24T18:17:29.000+0000",we8105desk,"C:\Windows\System32\sdiagnhost.exe",5024,"C:\Windows\System32\svchost.exe",708,12683B361013E4758B489DAC923BC7D4EC275CC8
"2016-08-24T18:17:29.000+0000",we8105desk,"C:\Windows\System32\svchost.exe",3620,"C:\Windows\System32\services.exe",592,619652B42AFE5FB0E3719D7AEDA7A5494AB193E8
"2016-08-24T18:17:29.000+0000",we8105desk,"C:\Windows\System32\taskhost.exe",4940,"C:\Windows\System32\services.exe",592,61478D71931FB3E304BC341236AB0DB1D6C26E09
"2016-08-24T18:17:29.000+0000",we8105desk,"C:\Windows\System32\VSSVC.exe",4884,"C:\Windows\System32\services.exe",592,1D6F5A5DE7154B75144C6A033C36FD86FF2BBE9B
"2016-08-24T18:17:29.000+0000",we8105desk,"C:\Windows\System32\SearchFilterHost.exe",3516,"C:\Windows\System32\SearchIndexer.exe",3280,904A3B130E3DB7CEA97F31CC40D64D9026FF6E41
"2016-08-24T18:17:29.000+0000",we8105desk,"C:\Windows\System32\SearchProtocolHost.exe",4708,"C:\Windows\System32\SearchIndexer.exe",3280,A8DCF7D63A8BB5ABEF8787775957A5BB6C0F3F77
"2016-08-24T18:17:28.000+0000",we8105desk,"C:\Windows\System32\conhost.exe",2732,"C:\Windows\System32\csrss.exe",440,680DEC0F8907F4B8911FBE2AA5F2FD25425BE0B0
"2016-08-24T18:17:28.000+0000",we8105desk,"C:\Windows\System32\mcbuilder.exe",1940,"C:\Windows\System32\lpremove.exe",3684,E95EDE19617155E39115D4457E37ADACA1AEE75B
"2016-08-24T18:17:28.000+0000",we8105desk,"C:\Windows\System32\conhost.exe",3136,"C:\Windows\System32\csrss.exe",440,680DEC0F8907F4B8911FBE2AA5F2FD25425BE0B0
"2016-08-24T18:17:28.000+0000",we8105desk,"C:\Windows\System32\rundll32.exe",1876,"C:\Windows\System32\services.exe",592,963B55ACC8C566876364716D5AAFA353995812A8
"2016-08-24T18:17:28.000+0000",we8105desk,"C:\Windows\System32\rundll32.exe",5072,"C:\Windows\System32\services.exe",592,963B55ACC8C566876364716D5AAFA353995812A8
"2016-08-24T18:17:28.000+0000",we8105desk,"C:\Windows\System32\lpremove.exe",3684,"C:\Windows\System32\services.exe",592,6BBA8EB7F665954DCCE33E0C0E4810B130E621F6
"2016-08-24T18:16:49.000+0000",we1149srv,"C:\Windows\System32\conhost.exe",1780,"C:\Windows\System32\sc.exe",2056,2C6B753628A3AA138AE52357F76AA4D5617D890E
"2016-08-24T18:16:49.000+0000",we1149srv,"C:\Windows\System32\sc.exe",2056,"C:\Windows\System32\svchost.exe",724,DBBA63CB28FC7F4E145E1DB05BBA9D7503FCA139
"2016-08-24T18:15:17.000+0000",we1149srv,"C:\Windows\System32\wbem\WmiPrvSE.exe",1976,"C:\Windows\System32\svchost.exe",512,5A4C0E82FF95C9FB762D46A696EF9F1B68001C21
"2016-08-24T18:15:15.000+0000",we1149srv,"C:\Windows\System32\wbem\WmiPrvSE.exe",976,"C:\Windows\System32\svchost.exe",512,5A4C0E82FF95C9FB762D46A696EF9F1B68001C21
"2016-08-24T18:10:47.000+0000",we8105desk,"C:\Windows\System32\SearchFilterHost.exe",2228,"C:\Windows\System32\SearchIndexer.exe",3280,904A3B130E3DB7CEA97F31CC40D64D9026FF6E41
"2016-08-24T18:10:47.000+0000",we8105desk,"C:\Windows\System32\SearchProtocolHost.exe",820,"C:\Windows\System32\SearchIndexer.exe",3280,A8DCF7D63A8BB5ABEF8787775957A5BB6C0F3F77
"2016-08-24T18:10:29.000+0000",we8105desk,"C:\Windows\System32\svchost.exe",4600,"C:\Windows\System32\services.exe",592,619652B42AFE5FB0E3719D7AEDA7A5494AB193E8
"2016-08-24T18:10:28.000+0000",we8105desk,"C:\Windows\System32\conhost.exe",2508,"C:\Windows\System32\csrss.exe",440,680DEC0F8907F4B8911FBE2AA5F2FD25425BE0B0
"2016-08-24T18:10:28.000+0000",we8105desk,"C:\Windows\System32\conhost.exe",4668,"C:\Windows\System32\csrss.exe",440,680DEC0F8907F4B8911FBE2AA5F2FD25425BE0B0
"2016-08-24T18:10:28.000+0000",we8105desk,"C:\Windows\System32\taskhost.exe",4780,"C:\Windows\System32\services.exe",592,61478D71931FB3E304BC341236AB0DB1D6C26E09
"2016-08-24T18:10:28.000+0000",we8105desk,"C:\Windows\System32\Defrag.exe",748,"C:\Windows\System32\services.exe",592,8DBF4ECAE1BBAD74C91FA37603353ECFDC47425E
"2016-08-24T18:10:28.000+0000",we8105desk,"C:\Windows\System32\aitagent.exe",4688,"C:\Windows\System32\services.exe",592,394F401FDD0B47AEE24B928785BE2C8F3A38EDBF
"2016-08-24T18:10:28.000+0000",we8105desk,"C:\Windows\System32\rundll32.exe",4728,"C:\Windows\System32\services.exe",592,963B55ACC8C566876364716D5AAFA353995812A8
"2016-08-24T18:07:08.000+0000",we8105desk,"C:\Windows\System32\taskhost.exe",3152,"C:\Windows\System32\services.exe",592,61478D71931FB3E304BC341236AB0DB1D6C26E09
"2016-08-24T18:06:06.000+0000",we8105desk,"C:\Windows\System32\wbem\WmiPrvSE.exe",1368,"C:\Windows\System32\svchost.exe",708,9F5A4796B58D8B104A1C0F5A63DAF0032B947966
"2016-08-24T18:05:17.000+0000",we1149srv,"C:\Windows\System32\wbem\WmiPrvSE.exe",3500,"C:\Windows\System32\svchost.exe",512,5A4C0E82FF95C9FB762D46A696EF9F1B68001C21
"2016-08-24T18:05:15.000+0000",we1149srv,"C:\Windows\System32\wbem\WmiPrvSE.exe",2924,"C:\Windows\System32\svchost.exe",512,5A4C0E82FF95C9FB762D46A696EF9F1B68001C21
"2016-08-24T18:03:00.000+0000",we8105desk,"C:\Windows\SysWOW64\dllhost.exe",4608,"C:\Windows\System32\svchost.exe",708,ACE762C51DB1908C858C898D7E0F9B36F788D2D9
"2016-08-24T17:55:17.000+0000",we1149srv,"C:\Windows\System32\wbem\WmiPrvSE.exe",3824,"C:\Windows\System32\svchost.exe",512,5A4C0E82FF95C9FB762D46A696EF9F1B68001C21
"2016-08-24T17:55:15.000+0000",we1149srv,"C:\Windows\System32\wbem\WmiPrvSE.exe",2108,"C:\Windows\System32\svchost.exe",512,5A4C0E82FF95C9FB762D46A696EF9F1B68001C21
"2016-08-24T17:51:05.000+0000",we8105desk,"C:\Windows\System32\wbem\WmiPrvSE.exe",5096,"C:\Windows\System32\svchost.exe",708,9F5A4796B58D8B104A1C0F5A63DAF0032B947966
"2016-08-24T17:45:17.000+0000",we1149srv,"C:\Windows\System32\wbem\WmiPrvSE.exe",972,"C:\Windows\System32\svchost.exe",512,5A4C0E82FF95C9FB762D46A696EF9F1B68001C21
"2016-08-24T17:45:15.000+0000",we1149srv,"C:\Windows\System32\wbem\WmiPrvSE.exe",4056,"C:\Windows\System32\svchost.exe",512,5A4C0E82FF95C9FB762D46A696EF9F1B68001C21
"2016-08-24T17:39:35.000+0000",we8105desk,"C:\Windows\System32\SearchFilterHost.exe",4664,"C:\Windows\System32\SearchIndexer.exe",3280,904A3B130E3DB7CEA97F31CC40D64D9026FF6E41
"2016-08-24T17:39:35.000+0000",we8105desk,"C:\Windows\System32\SearchProtocolHost.exe",4416,"C:\Windows\System32\SearchIndexer.exe",3280,A8DCF7D63A8BB5ABEF8787775957A5BB6C0F3F77
"2016-08-24T17:36:52.000+0000",we8105desk,"C:\Windows\System32\SearchFilterHost.exe",3968,"C:\Windows\System32\SearchIndexer.exe",3280,904A3B130E3DB7CEA97F31CC40D64D9026FF6E41
"2016-08-24T17:36:52.000+0000",we8105desk,"C:\Windows\System32\SearchProtocolHost.exe",4624,"C:\Windows\System32\SearchIndexer.exe",3280,A8DCF7D63A8BB5ABEF8787775957A5BB6C0F3F77
"2016-08-24T17:36:05.000+0000",we8105desk,"C:\Windows\System32\wbem\WmiPrvSE.exe",5012,"C:\Windows\System32\svchost.exe",708,9F5A4796B58D8B104A1C0F5A63DAF0032B947966
"2016-08-24T17:35:17.000+0000",we1149srv,"C:\Windows\System32\wbem\WmiPrvSE.exe",3988,"C:\Windows\System32\svchost.exe",512,5A4C0E82FF95C9FB762D46A696EF9F1B68001C21
"2016-08-24T17:35:15.000+0000",we1149srv,"C:\Windows\System32\wbem\WmiPrvSE.exe",1292,"C:\Windows\System32\svchost.exe",512,5A4C0E82FF95C9FB762D46A696EF9F1B68001C21
"2016-08-24T17:28:43.000+0000",we8105desk,"C:\Windows\SysWOW64\dllhost.exe",4772,"C:\Windows\System32\svchost.exe",708,ACE762C51DB1908C858C898D7E0F9B36F788D2D9
"2016-08-24T17:27:21.000+0000",we8105desk,"C:\Windows\SysWOW64\dllhost.exe",4700,"C:\Windows\System32\svchost.exe",708,ACE762C51DB1908C858C898D7E0F9B36F788D2D9
"2016-08-24T17:25:17.000+0000",we1149srv,"C:\Windows\System32\wbem\WmiPrvSE.exe",2628,"C:\Windows\System32\svchost.exe",512,5A4C0E82FF95C9FB762D46A696EF9F1B68001C21
"2016-08-24T17:25:15.000+0000",we1149srv,"C:\Windows\System32\wbem\WmiPrvSE.exe",80,"C:\Windows\System32\svchost.exe",512,5A4C0E82FF95C9FB762D46A696EF9F1B68001C21
"2016-08-24T17:21:05.000+0000",we8105desk,"C:\Windows\System32\wbem\WmiPrvSE.exe",4228,"C:\Windows\System32\svchost.exe",708,9F5A4796B58D8B104A1C0F5A63DAF0032B947966
"2016-08-24T17:18:10.000+0000",we8105desk,"C:\Windows\System32\SearchFilterHost.exe",4924,"C:\Windows\System32\SearchIndexer.exe",3280,904A3B130E3DB7CEA97F31CC40D64D9026FF6E41
"2016-08-24T17:18:10.000+0000",we8105desk,"C:\Windows\System32\SearchProtocolHost.exe",820,"C:\Windows\System32\SearchIndexer.exe",3280,A8DCF7D63A8BB5ABEF8787775957A5BB6C0F3F77
"2016-08-24T17:15:29.000+0000",we8105desk,"C:\Windows\System32\wbem\WmiPrvSE.exe",164,"C:\Windows\System32\svchost.exe",708,9F5A4796B58D8B104A1C0F5A63DAF0032B947966
"2016-08-24T17:15:29.000+0000",we8105desk,"C:\Windows\System32\conhost.exe",3844,"C:\Windows\System32\csrss.exe",544,680DEC0F8907F4B8911FBE2AA5F2FD25425BE0B0
"2016-08-24T17:15:17.000+0000",we1149srv,"C:\Windows\System32\wbem\WmiPrvSE.exe",80,"C:\Windows\System32\svchost.exe",512,5A4C0E82FF95C9FB762D46A696EF9F1B68001C21
"2016-08-24T17:15:15.000+0000",we1149srv,"C:\Windows\System32\wbem\WmiPrvSE.exe",2500,"C:\Windows\System32\svchost.exe",512,5A4C0E82FF95C9FB762D46A696EF9F1B68001C21
"2016-08-24T17:15:13.000+0000",we8105desk,"C:\Windows\SysWOW64\dllhost.exe",4712,"C:\Windows\System32\svchost.exe",708,ACE762C51DB1908C858C898D7E0F9B36F788D2D9
"2016-08-24T17:15:12.000+0000",we8105desk,"C:\Windows\System32\SearchProtocolHost.exe",2460,"C:\Windows\System32\SearchIndexer.exe",3280,A8DCF7D63A8BB5ABEF8787775957A5BB6C0F3F77
"2016-08-24T17:15:12.000+0000",we8105desk,"C:\Windows\System32\dllhost.exe",984,"C:\Windows\System32\svchost.exe",708,E977B87698C3E595D55827665E22FBF788DD3F9F
"2016-08-24T17:15:12.000+0000",we8105desk,"C:\Program Files (x86)\Internet Explorer\iexplore.exe",532,"C:\Program Files (x86)\Internet Explorer\iexplore.exe",2404,1962888198AE972CBB999D0DC9C9EE5CBABF5E0D
"2016-08-24T17:15:11.000+0000",we8105desk,"C:\Program Files (x86)\Internet Explorer\iexplore.exe",4544,"C:\Program Files (x86)\Internet Explorer\iexplore.exe",2404,1962888198AE972CBB999D0DC9C9EE5CBABF5E0D
"2016-08-24T17:14:23.000+0000",we8105desk,"C:\Windows\System32\SearchFilterHost.exe",4440,"C:\Windows\System32\SearchIndexer.exe",3280,904A3B130E3DB7CEA97F31CC40D64D9026FF6E41
"2016-08-24T17:14:23.000+0000",we8105desk,"C:\Windows\System32\SearchProtocolHost.exe",4752,"C:\Windows\System32\SearchIndexer.exe",3280,A8DCF7D63A8BB5ABEF8787775957A5BB6C0F3F77
"2016-08-24T17:12:47.000+0000",we8105desk,"C:\Windows\System32\SearchFilterHost.exe",4760,"C:\Windows\System32\SearchIndexer.exe",3280,904A3B130E3DB7CEA97F31CC40D64D9026FF6E41
"2016-08-24T17:12:47.000+0000",we8105desk,"C:\Windows\System32\SearchProtocolHost.exe",952,"C:\Windows\System32\SearchIndexer.exe",3280,A8DCF7D63A8BB5ABEF8787775957A5BB6C0F3F77
"2016-08-24T17:12:15.000+0000",we8105desk,"C:\Windows\System32\dllhost.exe",4592,"C:\Windows\System32\svchost.exe",708,E977B87698C3E595D55827665E22FBF788DD3F9F
"2016-08-24T17:12:06.000+0000",we8105desk,"C:\Windows\System32\dllhost.exe",3664,"C:\Windows\System32\svchost.exe",708,E977B87698C3E595D55827665E22FBF788DD3F9F
"2016-08-24T17:11:54.000+0000",we8105desk,"C:\Windows\SysWOW64\dllhost.exe",4316,"C:\Windows\System32\svchost.exe",708,ACE762C51DB1908C858C898D7E0F9B36F788D2D9
"2016-08-24T17:11:54.000+0000",we8105desk,"C:\Windows\explorer.exe",2296,"C:\Windows\explorer.exe",3496,4583DAF9442880204730FB2C8A060430640494B1
"2016-08-24T17:11:51.000+0000",we8105desk,"C:\Windows\System32\taskhost.exe",3216,"C:\Windows\System32\services.exe",592,61478D71931FB3E304BC341236AB0DB1D6C26E09
"2016-08-24T17:10:01.000+0000",we8105desk,"C:\Windows\System32\SearchFilterHost.exe",912,"C:\Windows\System32\SearchIndexer.exe",3280,904A3B130E3DB7CEA97F31CC40D64D9026FF6E41
"2016-08-24T17:10:01.000+0000",we8105desk,"C:\Windows\System32\SearchProtocolHost.exe",4812,"C:\Windows\System32\SearchIndexer.exe",3280,A8DCF7D63A8BB5ABEF8787775957A5BB6C0F3F77
"2016-08-24T17:08:47.000+0000",we8105desk,"C:\Windows\System32\SearchFilterHost.exe",4216,"C:\Windows\System32\SearchIndexer.exe",3280,904A3B130E3DB7CEA97F31CC40D64D9026FF6E41
"2016-08-24T17:08:47.000+0000",we8105desk,"C:\Windows\System32\SearchProtocolHost.exe",4572,"C:\Windows\System32\SearchIndexer.exe",3280,A8DCF7D63A8BB5ABEF8787775957A5BB6C0F3F77
"2016-08-24T17:06:46.000+0000",we8105desk,"C:\Windows\System32\SearchFilterHost.exe",4228,"C:\Windows\System32\SearchIndexer.exe",3280,904A3B130E3DB7CEA97F31CC40D64D9026FF6E41
"2016-08-24T17:06:46.000+0000",we8105desk,"C:\Windows\System32\SearchProtocolHost.exe",680,"C:\Windows\System32\SearchIndexer.exe",3280,A8DCF7D63A8BB5ABEF8787775957A5BB6C0F3F77
"2016-08-24T17:06:39.000+0000",we8105desk,"C:\Windows\System32\dllhost.exe",3992,"C:\Windows\System32\svchost.exe",708,E977B87698C3E595D55827665E22FBF788DD3F9F
"2016-08-24T17:06:31.000+0000",we8105desk,"C:\Windows\System32\dllhost.exe",3152,"C:\Windows\System32\svchost.exe",708,E977B87698C3E595D55827665E22FBF788DD3F9F
"2016-08-24T17:06:01.000+0000",we8105desk,"C:\Windows\System32\dllhost.exe",3804,"C:\Windows\System32\svchost.exe",708,E977B87698C3E595D55827665E22FBF788DD3F9F
"2016-08-24T17:05:53.000+0000",we8105desk,"C:\Windows\System32\dllhost.exe",3992,"C:\Windows\System32\svchost.exe",708,E977B87698C3E595D55827665E22FBF788DD3F9F
"2016-08-24T17:05:47.000+0000",we8105desk,"C:\Windows\System32\dllhost.exe",2212,"C:\Windows\System32\svchost.exe",708,E977B87698C3E595D55827665E22FBF788DD3F9F
"2016-08-24T17:05:33.000+0000",we8105desk,"C:\Windows\SysWOW64\dllhost.exe",3884,"C:\Windows\System32\svchost.exe",708,ACE762C51DB1908C858C898D7E0F9B36F788D2D9
"2016-08-24T17:05:19.000+0000",we8105desk,"C:\Windows\System32\dllhost.exe",4920,"C:\Windows\System32\svchost.exe",708,E977B87698C3E595D55827665E22FBF788DD3F9F
"2016-08-24T17:05:17.000+0000",we1149srv,"C:\Windows\System32\wbem\WmiPrvSE.exe",2672,"C:\Windows\System32\svchost.exe",512,5A4C0E82FF95C9FB762D46A696EF9F1B68001C21
"2016-08-24T17:05:15.000+0000",we1149srv,"C:\Windows\System32\wbem\WmiPrvSE.exe",1456,"C:\Windows\System32\svchost.exe",512,5A4C0E82FF95C9FB762D46A696EF9F1B68001C21
"2016-08-24T17:05:03.000+0000",we8105desk,"C:\Windows\System32\dllhost.exe",2228,"C:\Windows\System32\svchost.exe",708,E977B87698C3E595D55827665E22FBF788DD3F9F
"2016-08-24T17:04:55.000+0000",we8105desk,"C:\Windows\System32\dllhost.exe",5072,"C:\Windows\System32\svchost.exe",708,E977B87698C3E595D55827665E22FBF788DD3F9F
"2016-08-24T17:04:53.000+0000",we8105desk,"C:\Windows\SysWOW64\dllhost.exe",5068,"C:\Windows\System32\svchost.exe",708,ACE762C51DB1908C858C898D7E0F9B36F788D2D9
"2016-08-24T17:04:33.000+0000",we8105desk,"C:\Windows\System32\dllhost.exe",1136,"C:\Windows\System32\svchost.exe",708,E977B87698C3E595D55827665E22FBF788DD3F9F
"2016-08-24T17:04:33.000+0000",we8105desk,"C:\Windows\SysWOW64\dllhost.exe",3968,"C:\Windows\System32\svchost.exe",708,ACE762C51DB1908C858C898D7E0F9B36F788D2D9
"2016-08-24T17:04:31.000+0000",we8105desk,"C:\Windows\System32\SearchFilterHost.exe",4952,"C:\Windows\System32\SearchIndexer.exe",3280,904A3B130E3DB7CEA97F31CC40D64D9026FF6E41
"2016-08-24T17:04:31.000+0000",we8105desk,"C:\Windows\System32\SearchProtocolHost.exe",4412,"C:\Windows\System32\SearchIndexer.exe",3280,A8DCF7D63A8BB5ABEF8787775957A5BB6C0F3F77
"2016-08-24T17:02:36.000+0000",we8105desk,"C:\Windows\System32\audiodg.exe",1276,"C:\Windows\System32\svchost.exe",860,F033FD30AACD0183BFC30861891A92B56AC2468B
"2016-08-24T17:02:36.000+0000",we8105desk,"C:\Windows\System32\rundll32.exe",1280,"C:\Windows\System32\svchost.exe",708,963B55ACC8C566876364716D5AAFA353995812A8
"2016-08-24T17:02:29.000+0000",we8105desk,"C:\Windows\System32\DeviceDisplayObjectProvider.exe",4756,"C:\Windows\System32\svchost.exe",708,72E98687A8D28614E2131C300403C2822856E865
"2016-08-24T17:02:15.000+0000",we8105desk,"C:\Windows\System32\DeviceDisplayObjectProvider.exe",3816,"C:\Windows\System32\svchost.exe",708,72E98687A8D28614E2131C300403C2822856E865
"2016-08-24T16:56:55.000+0000",we8105desk,"C:\Windows\System32\SearchFilterHost.exe",4152,"C:\Windows\System32\SearchIndexer.exe",3280,904A3B130E3DB7CEA97F31CC40D64D9026FF6E41
"2016-08-24T16:56:55.000+0000",we8105desk,"C:\Windows\System32\SearchProtocolHost.exe",4160,"C:\Windows\System32\SearchIndexer.exe",3280,A8DCF7D63A8BB5ABEF8787775957A5BB6C0F3F77
"2016-08-24T16:56:54.000+0000",we8105desk,"C:\Program Files (x86)\Internet Explorer\iexplore.exe",4520,"C:\Program Files (x86)\Internet Explorer\iexplore.exe",4576,1962888198AE972CBB999D0DC9C9EE5CBABF5E0D
"2016-08-24T16:56:51.000+0000",we8105desk,"C:\Program Files (x86)\Internet Explorer\iexplore.exe",4576,"C:\Windows\System32\rundll32.exe",4928,1962888198AE972CBB999D0DC9C9EE5CBABF5E0D
"2016-08-24T16:56:47.000+0000",we8105desk,"C:\Windows\System32\rundll32.exe",4928,"C:\Windows\explorer.exe",3496,963B55ACC8C566876364716D5AAFA353995812A8
"2016-08-24T16:56:46.000+0000",we8105desk,"C:\Windows\System32\dllhost.exe",4860,"C:\Windows\System32\svchost.exe",708,E977B87698C3E595D55827665E22FBF788DD3F9F
"2016-08-24T16:56:43.000+0000",we8105desk,"C:\Windows\SysWOW64\dllhost.exe",4836,"C:\Windows\System32\svchost.exe",708,ACE762C51DB1908C858C898D7E0F9B36F788D2D9
"2016-08-24T16:56:29.000+0000",we8105desk,"C:\Windows\SysWOW64\dllhost.exe",3776,"C:\Windows\System32\svchost.exe",708,ACE762C51DB1908C858C898D7E0F9B36F788D2D9
"2016-08-24T16:56:19.000+0000",we8105desk,"C:\Windows\explorer.exe",3508,"C:\Windows\explorer.exe",3496,4583DAF9442880204730FB2C8A060430640494B1
"2016-08-24T16:56:11.000+0000",we8105desk,"C:\Windows\System32\audiodg.exe",4888,"C:\Windows\System32\svchost.exe",860,F033FD30AACD0183BFC30861891A92B56AC2468B
"2016-08-24T16:56:09.000+0000",we8105desk,"C:\Windows\SysWOW64\dllhost.exe",3216,"C:\Windows\System32\svchost.exe",708,ACE762C51DB1908C858C898D7E0F9B36F788D2D9
"2016-08-24T16:56:08.000+0000",we8105desk,"C:\Windows\explorer.exe",1000,"C:\Windows\explorer.exe",3496,4583DAF9442880204730FB2C8A060430640494B1
"2016-08-24T16:55:17.000+0000",we1149srv,"C:\Windows\System32\wbem\WmiPrvSE.exe",1044,"C:\Windows\System32\svchost.exe",512,5A4C0E82FF95C9FB762D46A696EF9F1B68001C21
"2016-08-24T16:55:15.000+0000",we1149srv,"C:\Windows\System32\wbem\WmiPrvSE.exe",3740,"C:\Windows\System32\svchost.exe",512,5A4C0E82FF95C9FB762D46A696EF9F1B68001C21
"2016-08-24T16:53:39.000+0000",we8105desk,"C:\Windows\System32\slui.exe",912,"C:\Windows\System32\svchost.exe",708,ED37FDB169BB539271C117D3E8A5F14FD8DF1C0D
"2016-08-24T16:51:05.000+0000",we8105desk,"C:\Windows\System32\wbem\WmiPrvSE.exe",4984,"C:\Windows\System32\svchost.exe",708,9F5A4796B58D8B104A1C0F5A63DAF0032B947966
"2016-08-24T16:49:42.000+0000",we8105desk,"C:\Windows\System32\SearchFilterHost.exe",4544,"C:\Windows\System32\SearchIndexer.exe",3280,904A3B130E3DB7CEA97F31CC40D64D9026FF6E41
"2016-08-24T16:49:42.000+0000",we8105desk,"C:\Windows\System32\SearchProtocolHost.exe",4520,"C:\Windows\System32\SearchIndexer.exe",3280,A8DCF7D63A8BB5ABEF8787775957A5BB6C0F3F77
"2016-08-24T16:49:24.000+0000",we8105desk,"C:\Windows\System32\conhost.exe",2032,"C:\Windows\System32\csrss.exe",544,680DEC0F8907F4B8911FBE2AA5F2FD25425BE0B0
"2016-08-24T16:49:24.000+0000",we8105desk,"C:\Windows\System32\conhost.exe",2024,"C:\Windows\System32\csrss.exe",544,680DEC0F8907F4B8911FBE2AA5F2FD25425BE0B0
"2016-08-24T16:49:23.000+0000",we8105desk,"C:\Windows\System32\conhost.exe",3372,"C:\Windows\System32\csrss.exe",544,680DEC0F8907F4B8911FBE2AA5F2FD25425BE0B0
"2016-08-24T16:49:23.000+0000",we8105desk,"C:\Windows\System32\svchost.exe",952,"C:\Windows\System32\services.exe",592,619652B42AFE5FB0E3719D7AEDA7A5494AB193E8
"2016-08-24T16:49:23.000+0000",we8105desk,"C:\Windows\System32\VSSVC.exe",3836,"C:\Windows\System32\services.exe",592,1D6F5A5DE7154B75144C6A033C36FD86FF2BBE9B
"2016-08-24T16:49:23.000+0000",we8105desk,"C:\Windows\System32\conhost.exe",972,"C:\Windows\System32\csrss.exe",544,680DEC0F8907F4B8911FBE2AA5F2FD25425BE0B0
"2016-08-24T16:49:22.000+0000",we8105desk,"C:\Windows\SysWOW64\dllhost.exe",3924,"C:\Windows\System32\svchost.exe",708,ACE762C51DB1908C858C898D7E0F9B36F788D2D9
"2016-08-24T16:49:22.000+0000",we8105desk,"C:\Windows\System32\dllhost.exe",3448,"C:\Windows\System32\svchost.exe",708,E977B87698C3E595D55827665E22FBF788DD3F9F
"2016-08-24T16:49:21.000+0000",we8105desk,"C:\Windows\System32\consent.exe",2372,"C:\Windows\System32\svchost.exe",928,6E4E720DFC424A12383F0B8194E4477E3BC346DC
"2016-08-24T16:49:03.000+0000",we8105desk,"C:\Windows\SysWOW64\QqJXZrBKCk72XzRgZs\AdapterTroubleshooter.exe",3904,"C:\Windows\SysWOW64\explorer.exe",3872,B7202CF005748D0815A2F8B0BD1B2E681CB6C5E2
"2016-08-24T16:49:03.000+0000",we8105desk,"C:\Windows\System32\dllhost.exe",1280,"C:\Windows\System32\svchost.exe",708,E977B87698C3E595D55827665E22FBF788DD3F9F
"2016-08-24T16:49:03.000+0000",we8105desk,"C:\Windows\System32\consent.exe",3968,"C:\Windows\System32\svchost.exe",928,6E4E720DFC424A12383F0B8194E4477E3BC346DC
"2016-08-24T16:49:03.000+0000",we8105desk,"C:\Windows\SysWOW64\QqJXZrBKCk72XzRgZs\AdapterTroubleshooter.exe",1684,"C:\Windows\SysWOW64\explorer.exe",3872,B7202CF005748D0815A2F8B0BD1B2E681CB6C5E2
"2016-08-24T16:49:03.000+0000",we8105desk,"C:\Windows\System32\consent.exe",3216,"C:\Windows\System32\svchost.exe",928,6E4E720DFC424A12383F0B8194E4477E3BC346DC
"2016-08-24T16:49:03.000+0000",we8105desk,"C:\Windows\System32\consent.exe",3448,"C:\Windows\System32\svchost.exe",928,6E4E720DFC424A12383F0B8194E4477E3BC346DC
"2016-08-24T16:49:03.000+0000",we8105desk,"C:\Windows\SysWOW64\dllhost.exe",3852,"C:\Windows\System32\svchost.exe",708,ACE762C51DB1908C858C898D7E0F9B36F788D2D9
"2016-08-24T16:49:03.000+0000",we8105desk,"C:\Windows\System32\dllhost.exe",3912,"C:\Windows\System32\svchost.exe",708,E977B87698C3E595D55827665E22FBF788DD3F9F
"2016-08-24T16:49:02.000+0000",we8105desk,"C:\Windows\System32\consent.exe",3200,"C:\Windows\System32\svchost.exe",928,6E4E720DFC424A12383F0B8194E4477E3BC346DC
"2016-08-24T16:48:41.000+0000",we8105desk,"C:\Windows\System32\conhost.exe",872,"C:\Windows\System32\csrss.exe",544,680DEC0F8907F4B8911FBE2AA5F2FD25425BE0B0
"2016-08-24T16:48:21.000+0000",we8105desk,"C:\Windows\System32\conhost.exe",2860,"C:\Windows\System32\csrss.exe",544,680DEC0F8907F4B8911FBE2AA5F2FD25425BE0B0
"2016-08-24T16:48:21.000+0000",we8105desk,"C:\Windows\SysWOW64\cmd.exe",1476,"C:\Windows\SysWOW64\wscript.exe",3968,EE8CBF12D87C4D388F09B4F69BED2E91682920B5
"2016-08-24T16:45:17.000+0000",we1149srv,"C:\Windows\System32\wbem\WmiPrvSE.exe",3228,"C:\Windows\System32\svchost.exe",512,5A4C0E82FF95C9FB762D46A696EF9F1B68001C21
"2016-08-24T16:45:15.000+0000",we1149srv,"C:\Windows\System32\wbem\WmiPrvSE.exe",2508,"C:\Windows\System32\svchost.exe",512,5A4C0E82FF95C9FB762D46A696EF9F1B68001C21
"2016-08-24T16:44:21.000+0000",we8105desk,"C:\Windows\SysWOW64\dllhost.exe",3448,"C:\Windows\System32\svchost.exe",708,ACE762C51DB1908C858C898D7E0F9B36F788D2D9
"2016-08-24T16:44:08.000+0000",we8105desk,"C:\Windows\SysWOW64\dllhost.exe",3784,"C:\Windows\System32\svchost.exe",708,ACE762C51DB1908C858C898D7E0F9B36F788D2D9
"2016-08-24T16:44:07.000+0000",we8105desk,"C:\Windows\System32\dllhost.exe",3208,"C:\Windows\System32\svchost.exe",708,E977B87698C3E595D55827665E22FBF788DD3F9F
"2016-08-24T16:43:54.000+0000",we8105desk,"C:\Windows\SysWOW64\dllhost.exe",1368,"C:\Windows\System32\svchost.exe",708,ACE762C51DB1908C858C898D7E0F9B36F788D2D9
"2016-08-24T16:43:54.000+0000",we8105desk,"C:\Windows\explorer.exe",3372,"C:\Windows\explorer.exe",3496,4583DAF9442880204730FB2C8A060430640494B1
"2016-08-24T16:43:21.000+0000",we8105desk,"C:\Windows\System32\conhost.exe",1936,"C:\Windows\System32\csrss.exe",544,680DEC0F8907F4B8911FBE2AA5F2FD25425BE0B0
"2016-08-24T16:43:17.000+0000",we8105desk,"C:\Windows\SysWOW64\dllhost.exe",2352,"C:\Windows\System32\svchost.exe",708,ACE762C51DB1908C858C898D7E0F9B36F788D2D9
"2016-08-24T16:43:17.000+0000",we8105desk,"C:\Windows\System32\wbem\WMIADAP.exe",2408,"C:\Windows\System32\svchost.exe",928,B3D339964BFEA63EC9E85EC73B246C4CC1D25F9A
"2016-08-24T16:43:16.000+0000",we8105desk,"C:\Program Files\Common Files\Microsoft Shared\OfficeSoftwareProtectionPlatform\OSPPSVC.EXE",1212,"C:\Windows\System32\services.exe",592,945D94FEF51E0DB76C2FD95EE22ED2767BE0FE0B
"2016-08-24T16:43:12.000+0000",we8105desk,"C:\Program Files (x86)\Microsoft Office\Office14\WINWORD.EXE",3756,"C:\Windows\explorer.exe",3496,6E35AE1D5B6F192109D7A752ACD939F5CA2B97A6
"2016-08-24T16:43:12.000+0000",we8105desk,"C:\Windows\System32\dllhost.exe",3372,"C:\Windows\System32\svchost.exe",708,E977B87698C3E595D55827665E22FBF788DD3F9F
"2016-08-24T16:43:03.000+0000",we8105desk,"C:\Windows\System32\dllhost.exe",1936,"C:\Windows\System32\svchost.exe",708,E977B87698C3E595D55827665E22FBF788DD3F9F
"2016-08-24T16:43:03.000+0000",we8105desk,"C:\Windows\SysWOW64\dllhost.exe",3680,"C:\Windows\System32\svchost.exe",708,ACE762C51DB1908C858C898D7E0F9B36F788D2D9
"2016-08-24T16:43:02.000+0000",we8105desk,"C:\Windows\explorer.exe",3508,"C:\Windows\explorer.exe",3496,4583DAF9442880204730FB2C8A060430640494B1
"2016-08-24T16:42:16.000+0000",we8105desk,"C:\Windows\System32\audiodg.exe",1108,"C:\Windows\System32\svchost.exe",860,F033FD30AACD0183BFC30861891A92B56AC2468B
"2016-08-24T16:36:59.000+0000",we9041srv,"C:\Windows\System32\dwm.exe",2408,"C:\Windows\System32\winlogon.exe",1988,2A9F711A601DB66788695BF6C8EFCF9C47632F84
"2016-08-24T16:36:59.000+0000",we9041srv,"C:\Windows\System32\LogonUI.exe",3692,"C:\Windows\System32\winlogon.exe",1988,00E95FD493D6169DB28A4DC736173EFC135F8391
"2016-08-24T16:36:58.000+0000",we9041srv,"C:\Windows\System32\winlogon.exe",1988,"C:\Windows\System32\smss.exe",3076,2E2F86C0FBB19E7DB1B7C6CD9F45934A567134E9
"2016-08-24T16:36:58.000+0000",we9041srv,"C:\Windows\System32\csrss.exe",1824,"C:\Windows\System32\smss.exe",3076,C79E4586989EBB8E8F8084B5EB49AFBFD243A625
"2016-08-24T16:36:58.000+0000",we9041srv,"C:\Windows\System32\smss.exe",3076,"C:\Windows\System32\smss.exe",196,D6F56CBF9D3EF411760AD68F9FCE9B5EB52D55C0
"2016-08-24T16:36:44.000+0000",we8105desk,"C:\Windows\System32\choice.exe",1140,"C:\Windows\System32\cmd.exe",1208,0EDCC10670D29E5CA59702FACEF13D8F3376AFC5
"2016-08-24T16:36:44.000+0000",we8105desk,"C:\Windows\System32\conhost.exe",2676,"C:\Windows\System32\csrss.exe",440,680DEC0F8907F4B8911FBE2AA5F2FD25425BE0B0
"2016-08-24T16:36:44.000+0000",we8105desk,"C:\Windows\System32\cmd.exe",1208,"C:\Windows\tenable_mw_scan_142a90001fb65e0beb1751cc8c63edd0.exe",2028,0F3C4FF28F354AEDE202D54E9D1C5529A3BF87D8
"2016-08-24T16:36:26.000+0000",we1149srv,"C:\Windows\System32\dwm.exe",1092,"C:\Windows\System32\winlogon.exe",3904,2A9F711A601DB66788695BF6C8EFCF9C47632F84
"2016-08-24T16:36:25.000+0000",we1149srv,"C:\Windows\System32\LogonUI.exe",3736,"C:\Windows\System32\winlogon.exe",3904,00E95FD493D6169DB28A4DC736173EFC135F8391
"2016-08-24T16:36:24.000+0000",we1149srv,"C:\Windows\System32\winlogon.exe",3904,"C:\Windows\System32\smss.exe",2600,2E2F86C0FBB19E7DB1B7C6CD9F45934A567134E9
"2016-08-24T16:36:24.000+0000",we1149srv,"C:\Windows\System32\csrss.exe",4072,"C:\Windows\System32\smss.exe",2600,C79E4586989EBB8E8F8084B5EB49AFBFD243A625
"2016-08-24T16:36:24.000+0000",we1149srv,"C:\Windows\System32\smss.exe",2600,"C:\Windows\System32\smss.exe",200,D6F56CBF9D3EF411760AD68F9FCE9B5EB52D55C0
"2016-08-24T16:36:14.000+0000",we8105desk,"C:\Windows\System32\SearchFilterHost.exe",3132,"C:\Windows\System32\SearchIndexer.exe",3280,904A3B130E3DB7CEA97F31CC40D64D9026FF6E41
"2016-08-24T16:36:14.000+0000",we8105desk,"C:\Windows\tenable_mw_scan_142a90001fb65e0beb1751cc8c63edd0.exe",2028,"C:\Windows\System32\services.exe",592,9279E68EF65F409E8A4DBEF4586FB5D10B2E4943
"2016-08-24T16:36:14.000+0000",we8105desk,"C:\Windows\System32\conhost.exe",2208,"C:\Windows\System32\csrss.exe",440,680DEC0F8907F4B8911FBE2AA5F2FD25425BE0B0
"2016-08-24T16:36:14.000+0000",we8105desk,"C:\Windows\System32\sc.exe",2508,"C:\Windows\System32\wbem\WmiPrvSE.exe",1516,DB1F81F5E209FED6DF3255F6C820555CF17A839C
"2016-08-24T16:36:02.000+0000",we9041srv,"C:\Windows\System32\choice.exe",1908,"C:\Windows\System32\cmd.exe",3888,B78EF6A7739820A9BA2A5905405EB15AB4624C35
"2016-08-24T16:36:02.000+0000",we9041srv,"C:\Windows\System32\conhost.exe",3384,"C:\Windows\System32\cmd.exe",3888,2C6B753628A3AA138AE52357F76AA4D5617D890E
"2016-08-24T16:36:02.000+0000",we9041srv,"C:\Windows\System32\cmd.exe",3888,"C:\Windows\tenable_mw_scan_142a90001fb65e0beb1751cc8c63edd0.exe",816,0C2E3CF2D2F09792960A73DC772A086E99A96764
"2016-08-24T16:35:36.000+0000",we8105desk,"C:\Windows\System32\schtasks.exe",3848,"C:\Windows\System32\cmd.exe",2308,BD9DCEFFBCBBC82BEE5F2109BD73A57477FE1F92
"2016-08-24T16:35:36.000+0000",we8105desk,"C:\Windows\System32\conhost.exe",2700,"C:\Windows\System32\csrss.exe",440,680DEC0F8907F4B8911FBE2AA5F2FD25425BE0B0
"2016-08-24T16:35:36.000+0000",we8105desk,"C:\Windows\System32\cmd.exe",2308,"C:\Windows\System32\wbem\WmiPrvSE.exe",1516,0F3C4FF28F354AEDE202D54E9D1C5529A3BF87D8
"2016-08-24T16:35:32.000+0000",we9041srv,"C:\Windows\tenable_mw_scan_142a90001fb65e0beb1751cc8c63edd0.exe",816,"C:\Windows\System32\services.exe",444,9279E68EF65F409E8A4DBEF4586FB5D10B2E4943
"2016-08-24T16:35:32.000+0000",we9041srv,"C:\Windows\System32\conhost.exe",3572,"C:\Windows\System32\sc.exe",2960,2C6B753628A3AA138AE52357F76AA4D5617D890E
"2016-08-24T16:35:32.000+0000",we9041srv,"C:\Windows\System32\sc.exe",2960,"C:\Windows\System32\wbem\WmiPrvSE.exe",3424,DBBA63CB28FC7F4E145E1DB05BBA9D7503FCA139
"2016-08-24T16:35:17.000+0000",we1149srv,"C:\Windows\System32\wbem\WmiPrvSE.exe",1208,"C:\Windows\System32\svchost.exe",512,5A4C0E82FF95C9FB762D46A696EF9F1B68001C21
"2016-08-24T16:35:15.000+0000",we1149srv,"C:\Windows\System32\wsmprovhost.exe",3536,"C:\Windows\System32\svchost.exe",512,c01fc20c66fb5b49d4c30bcfdd9507f5a294bc8d
"2016-08-24T16:35:08.000+0000",we9041srv,"C:\Windows\System32\wbem\WmiPrvSE.exe",3660,"C:\Windows\System32\svchost.exe",592,5A4C0E82FF95C9FB762D46A696EF9F1B68001C21
"2016-08-24T16:34:56.000+0000",we8105desk,"C:\Windows\System32\netsh.exe",1528,"C:\Windows\System32\cmd.exe",996,BE48070856D4A1097B0DE1228711593728BB6EE1
"2016-08-24T16:34:56.000+0000",we8105desk,"C:\Windows\System32\cmd.exe",996,"C:\Windows\System32\cmd.exe",1856,0F3C4FF28F354AEDE202D54E9D1C5529A3BF87D8
"2016-08-24T16:34:55.000+0000",we8105desk,"C:\Windows\System32\netsh.exe",4080,"C:\Windows\System32\cmd.exe",1856,BE48070856D4A1097B0DE1228711593728BB6EE1
"2016-08-24T16:34:55.000+0000",we8105desk,"C:\Windows\System32\conhost.exe",3848,"C:\Windows\System32\csrss.exe",440,680DEC0F8907F4B8911FBE2AA5F2FD25425BE0B0
"2016-08-24T16:34:55.000+0000",we8105desk,"C:\Windows\System32\cmd.exe",1856,"C:\Windows\System32\wbem\WmiPrvSE.exe",1516,0F3C4FF28F354AEDE202D54E9D1C5529A3BF87D8
"2016-08-24T16:34:50.000+0000",we9041srv,"C:\Windows\System32\schtasks.exe",1664,"C:\Windows\System32\cmd.exe",2024,F3C20BCDB094B7394DCAEEEA4EAB16F1EE3D7B00
"2016-08-24T16:34:50.000+0000",we9041srv,"C:\Windows\System32\conhost.exe",2436,"C:\Windows\System32\cmd.exe",2024,2C6B753628A3AA138AE52357F76AA4D5617D890E
"2016-08-24T16:34:50.000+0000",we9041srv,"C:\Windows\System32\cmd.exe",2024,"C:\Windows\System32\wbem\WmiPrvSE.exe",3424,0C2E3CF2D2F09792960A73DC772A086E99A96764
"2016-08-24T16:34:21.000+0000",we8105desk,"C:\Windows\System32\tasklist.exe",2020,"C:\Windows\System32\cmd.exe",3384,B29B8E863F2D22AD8EBE6CBA854C905314C3C944
"2016-08-24T16:34:21.000+0000",we8105desk,"C:\Windows\System32\conhost.exe",2028,"C:\Windows\System32\csrss.exe",440,680DEC0F8907F4B8911FBE2AA5F2FD25425BE0B0
"2016-08-24T16:34:21.000+0000",we8105desk,"C:\Windows\System32\cmd.exe",3384,"C:\Windows\System32\wbem\WmiPrvSE.exe",1516,0F3C4FF28F354AEDE202D54E9D1C5529A3BF87D8
"2016-08-24T16:34:19.000+0000",we9041srv,"C:\Windows\System32\svchost.exe",4052,"C:\Windows\System32\services.exe",444,4EEA9BDFE0EB41759D96EC9BD224C4519314A8FA
"2016-08-24T16:34:14.000+0000",we9041srv,"C:\Windows\System32\WindowsPowerShell\v1.0\powershell.exe",3800,"C:\Windows\System32\cmd.exe",3016,9FA7C81107858AA5E15660BA0640D80C68E8E9CB
"2016-08-24T16:34:14.000+0000",we9041srv,"C:\Windows\System32\conhost.exe",3648,"C:\Windows\System32\cmd.exe",3016,2C6B753628A3AA138AE52357F76AA4D5617D890E
"2016-08-24T16:34:14.000+0000",we9041srv,"C:\Windows\System32\cmd.exe",3016,"C:\Windows\System32\wbem\WmiPrvSE.exe",3424,0C2E3CF2D2F09792960A73DC772A086E99A96764
"2016-08-24T16:34:11.000+0000",we9041srv,"C:\Windows\System32\netsh.exe",1824,"C:\Windows\System32\cmd.exe",2696,092E4FAC4F217FE84E793DE453351EF7274705DC
"2016-08-24T16:34:11.000+0000",we9041srv,"C:\Windows\System32\cmd.exe",2696,"C:\Windows\System32\cmd.exe",3836,0C2E3CF2D2F09792960A73DC772A086E99A96764
"2016-08-24T16:34:11.000+0000",we9041srv,"C:\Windows\System32\netsh.exe",2468,"C:\Windows\System32\cmd.exe",3836,092E4FAC4F217FE84E793DE453351EF7274705DC
"2016-08-24T16:34:11.000+0000",we9041srv,"C:\Windows\System32\conhost.exe",2552,"C:\Windows\System32\cmd.exe",3836,2C6B753628A3AA138AE52357F76AA4D5617D890E
"2016-08-24T16:34:11.000+0000",we9041srv,"C:\Windows\System32\cmd.exe",3836,"C:\Windows\System32\wbem\WmiPrvSE.exe",3424,0C2E3CF2D2F09792960A73DC772A086E99A96764
"2016-08-24T16:34:06.000+0000",we8105desk,"C:\Windows\System32\wbem\WmiPrvSE.exe",3772,"C:\Windows\System32\svchost.exe",708,9F5A4796B58D8B104A1C0F5A63DAF0032B947966
"2016-08-24T16:34:06.000+0000",we8105desk,"C:\Windows\System32\svchost.exe",3780,"C:\Windows\System32\services.exe",592,619652B42AFE5FB0E3719D7AEDA7A5494AB193E8
"2016-08-24T16:34:05.000+0000",we8105desk,"C:\Windows\System32\netsh.exe",1388,"C:\Windows\System32\cmd.exe",1052,BE48070856D4A1097B0DE1228711593728BB6EE1
"2016-08-24T16:34:05.000+0000",we8105desk,"C:\Windows\System32\conhost.exe",1760,"C:\Windows\System32\csrss.exe",440,680DEC0F8907F4B8911FBE2AA5F2FD25425BE0B0
"2016-08-24T16:34:05.000+0000",we8105desk,"C:\Windows\System32\cmd.exe",1052,"C:\Windows\System32\wbem\WmiPrvSE.exe",1516,0F3C4FF28F354AEDE202D54E9D1C5529A3BF87D8
"2016-08-24T16:34:04.000+0000",we8105desk,"C:\Windows\servicing\TrustedInstaller.exe",3572,"C:\Windows\System32\services.exe",592,9BC06A0461B5AB060CA8C15292AB73F83F473FC7
"2016-08-24T16:33:53.000+0000",we8105desk,"C:\Windows\System32\NETSTAT.EXE",4008,"C:\Windows\System32\cmd.exe",656,AC4A74D027962554608CE9A90BB8204788ABCD3C
"2016-08-24T16:33:53.000+0000",we8105desk,"C:\Windows\System32\SearchFilterHost.exe",2676,"C:\Windows\System32\SearchIndexer.exe",3280,904A3B130E3DB7CEA97F31CC40D64D9026FF6E41
"2016-08-24T16:33:53.000+0000",we8105desk,"C:\Windows\System32\conhost.exe",748,"C:\Windows\System32\csrss.exe",440,680DEC0F8907F4B8911FBE2AA5F2FD25425BE0B0
"2016-08-24T16:33:53.000+0000",we8105desk,"C:\Windows\System32\SearchProtocolHost.exe",3184,"C:\Windows\System32\SearchIndexer.exe",3280,A8DCF7D63A8BB5ABEF8787775957A5BB6C0F3F77
"2016-08-24T16:33:53.000+0000",we8105desk,"C:\Windows\System32\cmd.exe",656,"C:\Windows\System32\wbem\WmiPrvSE.exe",1516,0F3C4FF28F354AEDE202D54E9D1C5529A3BF87D8
"2016-08-24T16:33:52.000+0000",we8105desk,"C:\Windows\System32\wbem\WmiPrvSE.exe",1516,"C:\Windows\System32\svchost.exe",708,9F5A4796B58D8B104A1C0F5A63DAF0032B947966
"2016-08-24T16:33:46.000+0000",we1149srv,"C:\Windows\System32\inetsrv\w3wp.exe",2416,"C:\Windows\System32\svchost.exe",1476,8502B1E8149C813392D9B96913807D8613A58164
"2016-08-24T16:33:44.000+0000",we9041srv,"C:\Windows\System32\tasklist.exe",2476,"C:\Windows\System32\cmd.exe",3720,12512117A3C2878EA72F8AEB7AA6BB0CB3736D5F
"2016-08-24T16:33:44.000+0000",we9041srv,"C:\Windows\System32\conhost.exe",2036,"C:\Windows\System32\cmd.exe",3720,2C6B753628A3AA138AE52357F76AA4D5617D890E
"2016-08-24T16:33:44.000+0000",we9041srv,"C:\Windows\System32\cmd.exe",3720,"C:\Windows\System32\wbem\WmiPrvSE.exe",3424,0C2E3CF2D2F09792960A73DC772A086E99A96764
"2016-08-24T16:33:32.000+0000",we9041srv,"C:\Windows\System32\wbem\WmiPrvSE.exe",1752,"C:\Windows\System32\svchost.exe",592,5A4C0E82FF95C9FB762D46A696EF9F1B68001C21
"2016-08-24T16:33:30.000+0000",we9041srv,"C:\Windows\System32\netsh.exe",1288,"C:\Windows\System32\cmd.exe",1872,092E4FAC4F217FE84E793DE453351EF7274705DC
"2016-08-24T16:33:30.000+0000",we9041srv,"C:\Windows\System32\conhost.exe",3740,"C:\Windows\System32\cmd.exe",1872,2C6B753628A3AA138AE52357F76AA4D5617D890E
"2016-08-24T16:33:30.000+0000",we9041srv,"C:\Windows\System32\cmd.exe",1872,"C:\Windows\System32\wbem\WmiPrvSE.exe",3424,0C2E3CF2D2F09792960A73DC772A086E99A96764
"2016-08-24T16:33:30.000+0000",we9041srv,"C:\Windows\WinSxS\amd64_microsoft-windows-servicingstack_31bf3856ad364e35_6.3.9600.16384_none_fa1dc1539b4180d8\TiWorker.exe",1988,"C:\Windows\System32\svchost.exe",592,32F7E75039199A36B4FDDD72D7871A47E8518F14
"2016-08-24T16:33:30.000+0000",we9041srv,"C:\Windows\servicing\TrustedInstaller.exe",3168,"C:\Windows\System32\services.exe",444,0DE5DF021187D42B65053DAA7F4550F22C2DBCBF
"2016-08-24T16:33:24.000+0000",we9041srv,"C:\Windows\System32\sppsvc.exe",3384,"C:\Windows\System32\services.exe",444,A6067788861F7395BF600115C02E564D58148903
"2016-08-24T16:33:22.000+0000",we9041srv,"C:\Windows\System32\NETSTAT.EXE",3800,"C:\Windows\System32\cmd.exe",2800,96C61734CA5E903AE7F1A79C94C5830336B9DEBF
"2016-08-24T16:33:22.000+0000",we9041srv,"C:\Windows\System32\conhost.exe",816,"C:\Windows\System32\cmd.exe",2800,2C6B753628A3AA138AE52357F76AA4D5617D890E
"2016-08-24T16:33:22.000+0000",we9041srv,"C:\Windows\System32\cmd.exe",2800,"C:\Windows\System32\wbem\WmiPrvSE.exe",3424,0C2E3CF2D2F09792960A73DC772A086E99A96764
"2016-08-24T16:33:21.000+0000",we9041srv,"C:\Windows\System32\wbem\WmiPrvSE.exe",3424,"C:\Windows\System32\svchost.exe",592,5A4C0E82FF95C9FB762D46A696EF9F1B68001C21
"2016-08-24T16:26:02.000+0000",we9041srv,"C:\Windows\System32\wbem\WmiPrvSE.exe",896,"C:\Windows\System32\svchost.exe",592,5A4C0E82FF95C9FB762D46A696EF9F1B68001C21
"2016-08-24T16:26:02.000+0000",we9041srv,"C:\Windows\System32\wbem\WmiPrvSE.exe",1664,"C:\Windows\System32\svchost.exe",592,5A4C0E82FF95C9FB762D46A696EF9F1B68001C21
"2016-08-24T16:25:17.000+0000",we1149srv,"C:\Windows\System32\wbem\WmiPrvSE.exe",2188,"C:\Windows\System32\svchost.exe",512,5A4C0E82FF95C9FB762D46A696EF9F1B68001C21
"2016-08-24T16:25:15.000+0000",we1149srv,"C:\Windows\System32\wbem\WmiPrvSE.exe",3644,"C:\Windows\System32\svchost.exe",512,5A4C0E82FF95C9FB762D46A696EF9F1B68001C21
"2016-08-24T16:21:04.000+0000",we8105desk,"C:\Windows\System32\wbem\WmiPrvSE.exe",1744,"C:\Windows\System32\svchost.exe",708,9F5A4796B58D8B104A1C0F5A63DAF0032B947966
"2016-08-24T16:20:25.000+0000",we8105desk,"C:\Windows\System32\rundll32.exe",3460,"C:\Windows\System32\svchost.exe",708,963B55ACC8C566876364716D5AAFA353995812A8
"2016-08-24T16:19:43.000+0000",we8105desk,"C:\Windows\System32\wermgr.exe",3936,"C:\Windows\System32\services.exe",592,453263D230C6317EB4A2EB3ACEEEC1BBCF5E153D
"2016-08-24T16:18:10.000+0000",we8105desk,"C:\Windows\System32\SearchFilterHost.exe",1280,"C:\Windows\System32\SearchIndexer.exe",3280,904A3B130E3DB7CEA97F31CC40D64D9026FF6E41
"2016-08-24T16:18:10.000+0000",we8105desk,"C:\Windows\System32\SearchProtocolHost.exe",3876,"C:\Windows\System32\SearchIndexer.exe",3280,A8DCF7D63A8BB5ABEF8787775957A5BB6C0F3F77
"2016-08-24T16:15:15.000+0000",we8105desk,"C:\Windows\System32\SearchProtocolHost.exe",984,"C:\Windows\System32\SearchIndexer.exe",3280,A8DCF7D63A8BB5ABEF8787775957A5BB6C0F3F77
"2016-08-24T16:14:24.000+0000",we8105desk,"C:\Windows\System32\SearchFilterHost.exe",2700,"C:\Windows\System32\SearchIndexer.exe",3280,904A3B130E3DB7CEA97F31CC40D64D9026FF6E41
"2016-08-24T16:12:40.000+0000",we8105desk,"C:\Windows\System32\SearchProtocolHost.exe",3668,"C:\Windows\System32\SearchIndexer.exe",3280,A8DCF7D63A8BB5ABEF8787775957A5BB6C0F3F77
"2016-08-24T16:12:24.000+0000",we8105desk,"C:\Windows\System32\SearchFilterHost.exe",1296,"C:\Windows\System32\SearchIndexer.exe",3280,904A3B130E3DB7CEA97F31CC40D64D9026FF6E41
"2016-08-24T16:10:24.000+0000",we8105desk,"C:\Windows\System32\SearchProtocolHost.exe",3676,"C:\Windows\System32\SearchIndexer.exe",3280,A8DCF7D63A8BB5ABEF8787775957A5BB6C0F3F77
"2016-08-24T16:10:24.000+0000",we8105desk,"C:\Windows\System32\SearchFilterHost.exe",1940,"C:\Windows\System32\SearchIndexer.exe",3280,904A3B130E3DB7CEA97F31CC40D64D9026FF6E41
"2016-08-24T16:10:00.000+0000",we8105desk,"C:\Windows\System32\wbem\WMIADAP.exe",3840,"C:\Windows\System32\svchost.exe",928,B3D339964BFEA63EC9E85EC73B246C4CC1D25F9A
"2016-08-24T16:09:04.000+0000",we8105desk,"C:\Windows\System32\wbem\WmiPrvSE.exe",228,"C:\Windows\System32\svchost.exe",708,9F5A4796B58D8B104A1C0F5A63DAF0032B947966
"2016-08-24T16:08:57.000+0000",we8105desk,"C:\Windows\System32\taskhost.exe",984,"C:\Windows\System32\services.exe",592,61478D71931FB3E304BC341236AB0DB1D6C26E09
"2016-08-24T16:08:57.000+0000",we8105desk,"C:\Windows\System32\sdclt.exe",2684,"C:\Windows\System32\services.exe",592,4B3CBFFF5E57FA0CB058E93E445E3851063646CF
"2016-08-24T16:08:16.000+0000",we8105desk,"C:\Program Files (x86)\Common Files\Acronis\SyncAgent\syncagentsrv.exe",2108,"C:\Windows\System32\services.exe",592,71B03F3B38B31AA8C74BBE15464F0876BDADDB65
"2016-08-24T16:08:16.000+0000",we8105desk,"C:\Windows\System32\sppsvc.exe",2072,"C:\Windows\System32\services.exe",592,C5B437F3965C01936046F9BF7C853F8E363C12AD
"2016-08-24T16:08:16.000+0000",we8105desk,"C:\Program Files (x86)\Intel\Intel(R) Management Engine Components\LMS\LMS.exe",2436,"C:\Windows\System32\services.exe",592,38D9560BE87B17CE883813D17F32254B5068713B
"2016-08-24T16:07:23.000+0000",we8105desk,"C:\Windows\System32\SearchProtocolHost.exe",2396,"C:\Windows\System32\SearchIndexer.exe",3280,A8DCF7D63A8BB5ABEF8787775957A5BB6C0F3F77
"2016-08-24T16:07:22.000+0000",we8105desk,"C:\Windows\System32\SearchFilterHost.exe",3796,"C:\Windows\System32\SearchIndexer.exe",3280,904A3B130E3DB7CEA97F31CC40D64D9026FF6E41
"2016-08-24T16:07:22.000+0000",we8105desk,"C:\Windows\System32\SearchProtocolHost.exe",3800,"C:\Windows\System32\SearchIndexer.exe",3280,A8DCF7D63A8BB5ABEF8787775957A5BB6C0F3F77
"2016-08-24T16:07:20.000+0000",we8105desk,"C:\Windows\System32\SearchIndexer.exe",3280,"C:\Windows\System32\services.exe",592,7BCC04348145501294745D58A2F9F702A76E794F
"2016-08-24T16:06:49.000+0000",we8105desk,"C:\Windows\System32\SearchIndexer.exe",3188,"C:\Windows\System32\services.exe",592,7BCC04348145501294745D58A2F9F702A76E794F
"2016-08-24T16:06:45.000+0000",we8105desk,"C:\Program Files (x86)\Microsoft Office\Office14\BCSSync.exe",4072,"C:\Windows\SysWOW64\runonce.exe",3724,6ABD81A46557F72680EB9E5FC74223B8C9C32088
"2016-08-24T16:06:45.000+0000",we8105desk,"C:\Program Files (x86)\Acronis\TrueImageHome\TrueImageMonitor.exe",4056,"C:\Windows\SysWOW64\runonce.exe",3724,0A183F72725FAAB2E1964CB70446D462DBF2CDFD
"2016-08-24T16:06:45.000+0000",we8105desk,"C:\Program Files (x86)\Common Files\Acronis\TibMounter\TibMounterMonitor.exe",4028,"C:\Windows\SysWOW64\runonce.exe",3724,7BAC978FA228461BB43097B7227BDF80995947A7
"2016-08-24T16:06:45.000+0000",we8105desk,"C:\Program Files (x86)\Intel\Intel(R) USB 3.0 eXtensible Host Controller Driver\Application\iusb3mon.exe",4020,"C:\Windows\SysWOW64\runonce.exe",3724,6F85F86ADF820D16DBEB5D3CA5F66D3989FFF988
"2016-08-24T16:06:44.000+0000",we8105desk,"C:\Program Files (x86)\Intel\Intel(R) Integrated Clock Controller Service\ICCProxy.exe",3984,"C:\Windows\System32\services.exe",592,4E273BD33DDE66BA481A0F79DFC89F7D7AE5F905
"2016-08-24T16:06:44.000+0000",we8105desk,"C:\Windows\System32\dllhost.exe",3796,"C:\Windows\System32\svchost.exe",708,E977B87698C3E595D55827665E22FBF788DD3F9F
"2016-08-24T16:06:44.000+0000",we8105desk,"C:\Windows\SysWOW64\dllhost.exe",3784,"C:\Windows\System32\svchost.exe",708,ACE762C51DB1908C858C898D7E0F9B36F788D2D9
"2016-08-24T16:06:44.000+0000",we8105desk,"C:\Windows\SysWOW64\runonce.exe",3724,"C:\Windows\explorer.exe",3496,01D5C03BE3573D32ED6F0754B903A0C0B05825DB
"2016-08-24T16:06:44.000+0000",we8105desk,"C:\Program Files (x86)\Common Files\Acronis\Schedule2\schedhlp.exe",3696,"C:\Windows\explorer.exe",3496,25029943FC6159AFC4329108A1CD0F2408D183DC
"2016-08-24T16:06:44.000+0000",we8105desk,"C:\Program Files\Boot Camp\Bootcamp.exe",3688,"C:\Windows\explorer.exe",3496,B2502462F088D225E11E405678210527E2086EF1
"2016-08-24T16:06:44.000+0000",we8105desk,"C:\Windows\System32\igfxpers.exe",3640,"C:\Windows\explorer.exe",3496,0EF5A0343F128D93C5A0E9A6B9AA0D6CC90E2FAC
"2016-08-24T16:06:44.000+0000",we8105desk,"C:\Windows\System32\hkcmd.exe",3608,"C:\Windows\explorer.exe",3496,F2B59D7C60ED417CC9BCB2111B6B3269A319C627
"2016-08-24T16:06:44.000+0000",we8105desk,"C:\Windows\System32\igfxsrvc.exe",3632,"C:\Windows\System32\svchost.exe",708,4247B629A9124E3942813C49F21F3487394B4057
"2016-08-24T16:06:43.000+0000",we8105desk,"C:\Windows\System32\igfxtray.exe",3596,"C:\Windows\explorer.exe",3496,4A0CED3DA453B050ACE9C36CB7C78C53F292D15A
"2016-08-24T16:06:42.000+0000",we8105desk,"C:\Windows\explorer.exe",3496,"C:\Windows\System32\userinit.exe",3372,4583DAF9442880204730FB2C8A060430640494B1
"2016-08-24T16:06:42.000+0000",we8105desk,"C:\Windows\System32\dwm.exe",3412,"C:\Windows\System32\svchost.exe",896,35BC294B7E1F062EF5CB5FA1BD3FC942A3E37AE2
"2016-08-24T16:06:42.000+0000",we8105desk,"C:\Windows\System32\userinit.exe",3372,"C:\Windows\System32\winlogon.exe",364,47267F943F060E36604D56C8895A6EECE063D9A1
"2016-08-24T16:06:42.000+0000",we8105desk,"C:\Windows\System32\taskhost.exe",3312,"C:\Windows\System32\services.exe",592,61478D71931FB3E304BC341236AB0DB1D6C26E09
"2016-08-24T16:06:42.000+0000",we8105desk,"C:\Windows\System32\dllhost.exe",3276,"C:\Windows\System32\svchost.exe",708,E977B87698C3E595D55827665E22FBF788DD3F9F
"2016-08-24T16:06:20.000+0000",we8105desk,"C:\Windows\System32\svchost.exe",3080,"C:\Windows\System32\services.exe",592,619652B42AFE5FB0E3719D7AEDA7A5494AB193E8
"2016-08-24T16:06:16.000+0000",we8105desk,"C:\Windows\System32\taskhost.exe",2192,"C:\Windows\System32\services.exe",592,61478D71931FB3E304BC341236AB0DB1D6C26E09
"2016-08-24T16:06:15.000+0000",we8105desk,"C:\Windows\System32\WUDFHost.exe",2908,"C:\Windows\System32\svchost.exe",896,8B7D36727102468AA5EF760D565C34E9E56D9D8F
"2016-08-24T16:06:15.000+0000",we8105desk,"C:\Windows\System32\svchost.exe",2956,"C:\Windows\System32\services.exe",592,619652B42AFE5FB0E3719D7AEDA7A5494AB193E8
"2016-08-24T16:06:15.000+0000",we8105desk,"C:\Windows\System32\svchost.exe",2868,"C:\Windows\System32\services.exe",592,619652B42AFE5FB0E3719D7AEDA7A5494AB193E8
"2016-08-24T16:06:15.000+0000",we8105desk,"C:\Windows\System32\svchost.exe",2796,"C:\Windows\System32\services.exe",592,619652B42AFE5FB0E3719D7AEDA7A5494AB193E8
"2016-08-24T16:06:08.000+0000",we8105desk,"C:\Windows\System32\cmd.exe",2500,"C:\Program Files\SplunkUniversalForwarder\bin\splunkd.exe",1792,0F3C4FF28F354AEDE202D54E9D1C5529A3BF87D8
"2016-08-24T16:06:08.000+0000",we8105desk,"C:\Windows\System32\cmd.exe",1412,"C:\Program Files\SplunkUniversalForwarder\bin\splunkd.exe",1792,0F3C4FF28F354AEDE202D54E9D1C5529A3BF87D8
"2016-08-24T16:06:08.000+0000",we8105desk,"C:\Windows\System32\cmd.exe",2244,"C:\Program Files\SplunkUniversalForwarder\bin\splunkd.exe",1792,0F3C4FF28F354AEDE202D54E9D1C5529A3BF87D8
"2016-08-24T16:06:07.000+0000",we8105desk,"C:\Windows\System32\cmd.exe",2260,"C:\Program Files\SplunkUniversalForwarder\bin\splunkd.exe",1792,0F3C4FF28F354AEDE202D54E9D1C5529A3BF87D8
"2016-08-24T16:06:07.000+0000",we8105desk,"C:\Windows\System32\cmd.exe",1268,"C:\Program Files\SplunkUniversalForwarder\bin\splunkd.exe",1792,0F3C4FF28F354AEDE202D54E9D1C5529A3BF87D8
"2016-08-24T16:06:07.000+0000",we8105desk,"C:\Windows\System32\cmd.exe",1260,"C:\Program Files\SplunkUniversalForwarder\bin\splunkd.exe",1792,0F3C4FF28F354AEDE202D54E9D1C5529A3BF87D8
"2016-08-24T16:06:07.000+0000",we8105desk,"C:\Windows\System32\cmd.exe",2228,"C:\Program Files\SplunkUniversalForwarder\bin\splunkd.exe",1792,0F3C4FF28F354AEDE202D54E9D1C5529A3BF87D8
"2016-08-24T16:06:07.000+0000",we8105desk,"C:\Windows\System32\cmd.exe",1724,"C:\Program Files\SplunkUniversalForwarder\bin\splunkd.exe",1792,0F3C4FF28F354AEDE202D54E9D1C5529A3BF87D8
"2016-08-24T16:06:07.000+0000",we8105desk,"C:\Windows\System32\cmd.exe",908,"C:\Program Files\SplunkUniversalForwarder\bin\splunkd.exe",1792,0F3C4FF28F354AEDE202D54E9D1C5529A3BF87D8
"2016-08-24T16:06:07.000+0000",we8105desk,"C:\Windows\System32\cmd.exe",1492,"C:\Program Files\SplunkUniversalForwarder\bin\splunkd.exe",1792,0F3C4FF28F354AEDE202D54E9D1C5529A3BF87D8
"2016-08-24T16:06:06.000+0000",we8105desk,"C:\Windows\System32\cmd.exe",3064,"C:\Program Files\SplunkUniversalForwarder\bin\splunkd.exe",1792,0F3C4FF28F354AEDE202D54E9D1C5529A3BF87D8
"2016-08-24T16:06:06.000+0000",we8105desk,"C:\Windows\System32\cmd.exe",3020,"C:\Program Files\SplunkUniversalForwarder\bin\splunk.exe",2452,0F3C4FF28F354AEDE202D54E9D1C5529A3BF87D8
"2016-08-24T16:06:06.000+0000",we8105desk,"C:\Windows\System32\cmd.exe",2976,"C:\Program Files\SplunkUniversalForwarder\bin\splunk.exe",2452,0F3C4FF28F354AEDE202D54E9D1C5529A3BF87D8
"2016-08-24T16:06:03.000+0000",we8105desk,"C:\Windows\System32\cscript.exe",2788,"C:\Program Files (x86)\Common Files\Acronis\Infrastructure\mms_mini.exe",1692,70096A77E202CF9F30C064956F36D14BCBD8F7BB
"2016-08-24T16:06:03.000+0000",we8105desk,"C:\Windows\System32\cscript.exe",2744,"C:\Program Files (x86)\Common Files\Acronis\Infrastructure\mms_mini.exe",1692,70096A77E202CF9F30C064956F36D14BCBD8F7BB
"2016-08-24T16:06:03.000+0000",we8105desk,"C:\Windows\System32\wbem\WmiPrvSE.exe",2708,"C:\Windows\System32\svchost.exe",708,9F5A4796B58D8B104A1C0F5A63DAF0032B947966
"2016-08-24T16:06:03.000+0000",we8105desk,"C:\Windows\SysWOW64\wbem\WmiPrvSE.exe",2664,"C:\Windows\System32\svchost.exe",708,8BF1819659B79D10121294F37F7D9CF7D95559C1
"2016-08-24T16:06:03.000+0000",we8105desk,"C:\Windows\System32\cscript.exe",2624,"C:\Program Files (x86)\Common Files\Acronis\Infrastructure\mms_mini.exe",1692,70096A77E202CF9F30C064956F36D14BCBD8F7BB
"2016-08-24T16:06:01.000+0000",we8105desk,"C:\Windows\System32\cmd.exe",2444,"C:\Program Files\SplunkUniversalForwarder\bin\splunkd.exe",1792,0F3C4FF28F354AEDE202D54E9D1C5529A3BF87D8
"2016-08-24T16:06:01.000+0000",we8105desk,"C:\Windows\System32\wbem\WmiPrvSE.exe",2388,"C:\Windows\System32\svchost.exe",708,9F5A4796B58D8B104A1C0F5A63DAF0032B947966
"2016-08-24T16:06:01.000+0000",we8105desk,"C:\Windows\System32\wbem\WmiPrvSE.exe",2296,"C:\Windows\System32\svchost.exe",708,9F5A4796B58D8B104A1C0F5A63DAF0032B947966
"2016-08-24T16:06:01.000+0000",we8105desk,"C:\Windows\System32\cmd.exe",2236,"C:\Program Files\SplunkUniversalForwarder\bin\splunk.exe",1412,0F3C4FF28F354AEDE202D54E9D1C5529A3BF87D8
"2016-08-24T16:06:00.000+0000",we8105desk,"C:\Windows\System32\cmd.exe",2196,"C:\Program Files\SplunkUniversalForwarder\bin\splunk.exe",1412,0F3C4FF28F354AEDE202D54E9D1C5529A3BF87D8
"2016-08-24T16:06:00.000+0000",we8105desk,"C:\Windows\System32\cmd.exe",1472,"C:\Program Files\SplunkUniversalForwarder\bin\splunk.exe",1412,0F3C4FF28F354AEDE202D54E9D1C5529A3BF87D8
"2016-08-24T16:06:00.000+0000",we8105desk,"C:\Windows\Sysmon.exe",1216,"C:\Windows\System32\services.exe",592,8803A9419F84ED2CD704F14E0335E446D4DF9EEC
"2016-08-24T16:06:00.000+0000",we8105desk,"C:\Windows\System32\cmd.exe",1168,"C:\Program Files\SplunkUniversalForwarder\bin\splunkd.exe",1792,0F3C4FF28F354AEDE202D54E9D1C5529A3BF87D8
"2016-08-24T16:06:00.000+0000",we8105desk,"C:\Windows\System32\conhost.exe",536,"C:\Windows\System32\csrss.exe",440,680DEC0F8907F4B8911FBE2AA5F2FD25425BE0B0
"2016-08-24T16:06:00.000+0000",we8105desk,"C:\Windows\System32\conhost.exe",1920,"C:\Windows\System32\csrss.exe",440,680DEC0F8907F4B8911FBE2AA5F2FD25425BE0B0
"2016-08-24T16:06:00.000+0000",we8105desk,"C:\Windows\System32\cmd.exe",1912,"C:\Program Files\SplunkUniversalForwarder\bin\splunkd.exe",1792,0F3C4FF28F354AEDE202D54E9D1C5529A3BF87D8
"2016-08-24T16:06:00.000+0000",we8105desk,"C:\Program Files (x86)\Common Files\Acronis\Infrastructure\mms_mini.exe",1692,"C:\Windows\System32\services.exe",592,6EBC367839EF31A3A7F598C151188C544B399EE9
"2016-08-24T16:06:00.000+0000",we8105desk,"C:\Windows\System32\AppleTimeSrv.exe",1640,"C:\Windows\System32\services.exe",592,F22337EBC12D593767D9C9D19F78EBE4FA622EAD
"2016-08-24T16:06:00.000+0000",we8105desk,"C:\Windows\System32\AppleOSSMgr.exe",1612,"C:\Windows\System32\services.exe",592,E2BBC38C5FB62C37DB8D4C34D5BB19948949C7CD
"2016-08-24T16:06:00.000+0000",we8105desk,"C:\Program Files (x86)\Common Files\Acronis\CDP\afcdpsrv.exe",1552,"C:\Windows\System32\services.exe",592,812417622FED37E7162FF64BA47C148110543618
"2016-08-24T16:06:00.000+0000",we8105desk,"C:\Program Files (x86)\Common Files\Acronis\Schedule2\schedul2.exe",1500,"C:\Windows\System32\services.exe",592,95359CB5E42A0EDE2CA92111AA321DBD112EEDE1
"2016-08-24T16:06:00.000+0000",we8105desk,"C:\Windows\System32\svchost.exe",1392,"C:\Windows\System32\services.exe",592,619652B42AFE5FB0E3719D7AEDA7A5494AB193E8
"2016-08-24T16:06:00.000+0000",we8105desk,"C:\Windows\System32\spoolsv.exe",1356,"C:\Windows\System32\services.exe",592,CD2E082E8022F25747730A397C3D445A7F9330DF
"2016-08-24T16:06:00.000+0000",we8105desk,"C:\Windows\System32\svchost.exe",1148,"C:\Windows\System32\services.exe",592,619652B42AFE5FB0E3719D7AEDA7A5494AB193E8
"2016-08-24T16:06:00.000+0000",we8105desk,"C:\Windows\System32\WUDFHost.exe",1040,"C:\Windows\System32\svchost.exe",896,8B7D36727102468AA5EF760D565C34E9E56D9D8F
"2016-08-24T16:06:00.000+0000",we8105desk,"C:\Windows\System32\LogonUI.exe",956,"C:\Windows\System32\winlogon.exe",364,F5778343588DF78FDD55C9CFCD49E5F39F959DD9
"2016-08-24T16:06:00.000+0000",we8105desk,"C:\Windows\System32\svchost.exe",472,"C:\Windows\System32\services.exe",592,619652B42AFE5FB0E3719D7AEDA7A5494AB193E8
"2016-08-24T16:06:00.000+0000",we8105desk,"C:\Windows\System32\winlogon.exe",364,"C:\Windows\System32\smss.exe",532,434856B834BAF163C5EA4D26434EEAE775A507FB
"2016-08-24T16:06:00.000+0000",we8105desk,"C:\Windows\System32\audiodg.exe",992,"C:\Windows\System32\svchost.exe",860,F033FD30AACD0183BFC30861891A92B56AC2468B
"2016-08-24T16:06:00.000+0000",we8105desk,"C:\Windows\System32\svchost.exe",928,"C:\Windows\System32\services.exe",592,619652B42AFE5FB0E3719D7AEDA7A5494AB193E8
"2016-08-24T16:06:00.000+0000",we8105desk,"C:\Windows\System32\svchost.exe",896,"C:\Windows\System32\services.exe",592,619652B42AFE5FB0E3719D7AEDA7A5494AB193E8
"2016-08-24T16:06:00.000+0000",we8105desk,"C:\Windows\System32\svchost.exe",860,"C:\Windows\System32\services.exe",592,619652B42AFE5FB0E3719D7AEDA7A5494AB193E8
"2016-08-24T16:06:00.000+0000",we8105desk,"C:\Windows\System32\svchost.exe",796,"C:\Windows\System32\services.exe",592,619652B42AFE5FB0E3719D7AEDA7A5494AB193E8
"2016-08-24T16:06:00.000+0000",we8105desk,"C:\Windows\System32\svchost.exe",708,"C:\Windows\System32\services.exe",592,619652B42AFE5FB0E3719D7AEDA7A5494AB193E8
"2016-08-24T16:06:00.000+0000",we8105desk,"C:\Windows\System32\lsm.exe",616,"C:\Windows\System32\wininit.exe",524,6766228926EB48344451737C61D0E05DBE390591
"2016-08-24T16:06:00.000+0000",we8105desk,"C:\Windows\System32\lsass.exe",608,"C:\Windows\System32\wininit.exe",524,C07B7690AE9E48908112EF554066CDF2DE190324
"2016-08-24T16:06:00.000+0000",we8105desk,"C:\Windows\System32\services.exe",592,"C:\Windows\System32\wininit.exe",524,A5B16A7D28D2BA79A9CCFC16ED480AD75A757166
"2016-08-24T16:06:00.000+0000",we8105desk,"C:\Windows\System32\csrss.exe",544,"C:\Windows\System32\smss.exe",532,17542707A3D9FA13C569450FD978272EF7070A77
"2016-08-24T16:06:00.000+0000",we8105desk,"C:\Windows\System32\wininit.exe",524,"C:\Windows\System32\smss.exe",428,2DE5C051C0D7D8BCC14B1CA46BE8AB9756F29320
"2016-08-24T16:06:00.000+0000",we8105desk,"C:\Windows\System32\smss.exe",532,"C:\Windows\System32\smss.exe",324,3513DED20BCD0D7811EEA4BE8D6B446E0C81F527
"2016-08-24T16:06:00.000+0000",we8105desk,"C:\Windows\System32\csrss.exe",440,"C:\Windows\System32\smss.exe",428,17542707A3D9FA13C569450FD978272EF7070A77
"2016-08-24T16:06:00.000+0000",we8105desk,"C:\Windows\System32\smss.exe",428,"C:\Windows\System32\smss.exe",324,3513DED20BCD0D7811EEA4BE8D6B446E0C81F527
"2016-08-24T16:06:00.000+0000",we8105desk,"C:\Windows\System32\autochk.exe",336,"C:\Windows\System32\smss.exe",324,A017204D7E47BC183D81DCABF047DEA32B120343
"2016-08-24T16:06:00.000+0000",we8105desk,"C:\Windows\System32\smss.exe",324,System,4,3513DED20BCD0D7811EEA4BE8D6B446E0C81F527
"2016-08-24T15:44:54.000+0000",we8105desk,"C:\Windows\SysWOW64\dllhost.exe",2308,"C:\Windows\System32\svchost.exe",700,ACE762C51DB1908C858C898D7E0F9B36F788D2D9
"2016-08-24T15:44:54.000+0000",we8105desk,"C:\Windows\System32\rundll32.exe",904,"C:\Windows\System32\svchost.exe",700,963B55ACC8C566876364716D5AAFA353995812A8
"2016-08-24T15:44:51.000+0000",we8105desk,"C:\Windows\System32\VSSVC.exe",2640,"C:\Windows\System32\services.exe",584,1D6F5A5DE7154B75144C6A033C36FD86FF2BBE9B
"2016-08-24T15:44:50.000+0000",we8105desk,"C:\Program Files (x86)\Common Files\Acronis\VssRequestor64\vss_requestor.exe",940,"C:\Windows\System32\svchost.exe",700,B51DF1217E140735711E6E0C771A3B5D7724E655
"2016-08-24T15:39:33.000+0000",we8105desk,"C:\Windows\System32\wermgr.exe",4304,"C:\Windows\System32\services.exe",584,453263D230C6317EB4A2EB3ACEEEC1BBCF5E153D
