Image,ParentImage,ParentProcessId,ProcessId,"_time",host,sha1
"C:\Windows\System32\taskhost.exe","C:\Windows\System32\services.exe",592,2384,"1472063246.000",we8105desk,61478D71931FB3E304BC341236AB0DB1D6C26E09
"C:\Windows\SysWOW64\dllhost.exe","C:\Windows\System32\svchost.exe",708,5012,"1472063244.000",we8105desk,ACE762C51DB1908C858C898D7E0F9B36F788D2D9
"C:\Windows\System32\wbem\WmiPrvSE.exe","C:\Windows\System32\svchost.exe",512,2688,"1472063117.000",we1149srv,5A4C0E82FF95C9FB762D46A696EF9F1B68001C21
"C:\Windows\System32\wbem\WmiPrvSE.exe","C:\Windows\System32\svchost.exe",512,4012,"1472063115.000",we1149srv,5A4C0E82FF95C9FB762D46A696EF9F1B68001C21
"C:\Windows\System32\wbem\WmiPrvSE.exe","C:\Windows\System32\svchost.exe",708,4868,"1472062866.000",we8105desk,9F5A4796B58D8B104A1C0F5A63DAF0032B947966
"C:\Windows\System32\w32tm.exe","C:\Windows\System32\sdiagnhost.exe",5024,5056,"1472062655.000",we8105desk,624BFB1402A3078074F6B3F747DB534F300E89B4
"C:\Windows\System32\PING.EXE","C:\Windows\System32\sdiagnhost.exe",5024,4340,"1472062653.000",we8105desk,41C4E1E9ABE08B218F5EA60D8AE41A5F523E7534
"C:\Windows\System32\w32tm.exe","C:\Windows\System32\sdiagnhost.exe",5024,4944,"1472062653.000",we8105desk,624BFB1402A3078074F6B3F747DB534F300E89B4
"C:\Windows\Microsoft.NET\Framework64\v2.0.50727\cvtres.exe","C:\Windows\Microsoft.NET\Framework64\v2.0.50727\csc.exe",4404,1208,"1472062651.000",we8105desk,46F879FD7B8919ED3B383376AE4408F7AC9CF9A4
"C:\Windows\Microsoft.NET\Framework64\v2.0.50727\csc.exe","C:\Windows\System32\sdiagnhost.exe",5024,4404,"1472062651.000",we8105desk,1E2B20BBAE4A22338D9C0AE42971DCE3B7C80C89
"C:\Windows\System32\wbem\WmiPrvSE.exe","C:\Windows\System32\svchost.exe",708,2676,"1472062651.000",we8105desk,9F5A4796B58D8B104A1C0F5A63DAF0032B947966
"C:\Windows\Microsoft.NET\Framework64\v2.0.50727\cvtres.exe","C:\Windows\Microsoft.NET\Framework64\v2.0.50727\csc.exe",4956,2736,"1472062651.000",we8105desk,46F879FD7B8919ED3B383376AE4408F7AC9CF9A4
"C:\Windows\Microsoft.NET\Framework64\v2.0.50727\csc.exe","C:\Windows\System32\sdiagnhost.exe",5024,4956,"1472062651.000",we8105desk,1E2B20BBAE4A22338D9C0AE42971DCE3B7C80C89
"C:\Windows\Microsoft.NET\Framework64\v2.0.50727\cvtres.exe","C:\Windows\Microsoft.NET\Framework64\v2.0.50727\csc.exe",808,3776,"1472062651.000",we8105desk,46F879FD7B8919ED3B383376AE4408F7AC9CF9A4
"C:\Windows\Microsoft.NET\Framework64\v2.0.50727\csc.exe","C:\Windows\System32\sdiagnhost.exe",5024,808,"1472062651.000",we8105desk,1E2B20BBAE4A22338D9C0AE42971DCE3B7C80C89
"C:\Windows\System32\conhost.exe","C:\Windows\System32\csrss.exe",544,4316,"1472062649.000",we8105desk,680DEC0F8907F4B8911FBE2AA5F2FD25425BE0B0
"C:\Windows\System32\sdiagnhost.exe","C:\Windows\System32\svchost.exe",708,5024,"1472062649.000",we8105desk,12683B361013E4758B489DAC923BC7D4EC275CC8
"C:\Windows\System32\svchost.exe","C:\Windows\System32\services.exe",592,3620,"1472062649.000",we8105desk,619652B42AFE5FB0E3719D7AEDA7A5494AB193E8
"C:\Windows\System32\taskhost.exe","C:\Windows\System32\services.exe",592,4940,"1472062649.000",we8105desk,61478D71931FB3E304BC341236AB0DB1D6C26E09
"C:\Windows\System32\VSSVC.exe","C:\Windows\System32\services.exe",592,4884,"1472062649.000",we8105desk,1D6F5A5DE7154B75144C6A033C36FD86FF2BBE9B
"C:\Windows\System32\SearchFilterHost.exe","C:\Windows\System32\SearchIndexer.exe",3280,3516,"1472062649.000",we8105desk,904A3B130E3DB7CEA97F31CC40D64D9026FF6E41
"C:\Windows\System32\SearchProtocolHost.exe","C:\Windows\System32\SearchIndexer.exe",3280,4708,"1472062649.000",we8105desk,A8DCF7D63A8BB5ABEF8787775957A5BB6C0F3F77
"C:\Windows\System32\conhost.exe","C:\Windows\System32\csrss.exe",440,2732,"1472062648.000",we8105desk,680DEC0F8907F4B8911FBE2AA5F2FD25425BE0B0
"C:\Windows\System32\mcbuilder.exe","C:\Windows\System32\lpremove.exe",3684,1940,"1472062648.000",we8105desk,E95EDE19617155E39115D4457E37ADACA1AEE75B
"C:\Windows\System32\conhost.exe","C:\Windows\System32\csrss.exe",440,3136,"1472062648.000",we8105desk,680DEC0F8907F4B8911FBE2AA5F2FD25425BE0B0
"C:\Windows\System32\rundll32.exe","C:\Windows\System32\services.exe",592,1876,"1472062648.000",we8105desk,963B55ACC8C566876364716D5AAFA353995812A8
"C:\Windows\System32\rundll32.exe","C:\Windows\System32\services.exe",592,5072,"1472062648.000",we8105desk,963B55ACC8C566876364716D5AAFA353995812A8
"C:\Windows\System32\lpremove.exe","C:\Windows\System32\services.exe",592,3684,"1472062648.000",we8105desk,6BBA8EB7F665954DCCE33E0C0E4810B130E621F6
"C:\Windows\System32\conhost.exe","C:\Windows\System32\sc.exe",2056,1780,"1472062609.000",we1149srv,2C6B753628A3AA138AE52357F76AA4D5617D890E
"C:\Windows\System32\sc.exe","C:\Windows\System32\svchost.exe",724,2056,"1472062609.000",we1149srv,DBBA63CB28FC7F4E145E1DB05BBA9D7503FCA139
"C:\Windows\System32\wbem\WmiPrvSE.exe","C:\Windows\System32\svchost.exe",512,1976,"1472062517.000",we1149srv,5A4C0E82FF95C9FB762D46A696EF9F1B68001C21
"C:\Windows\System32\wbem\WmiPrvSE.exe","C:\Windows\System32\svchost.exe",512,976,"1472062515.000",we1149srv,5A4C0E82FF95C9FB762D46A696EF9F1B68001C21
"C:\Windows\System32\SearchFilterHost.exe","C:\Windows\System32\SearchIndexer.exe",3280,2228,"1472062247.000",we8105desk,904A3B130E3DB7CEA97F31CC40D64D9026FF6E41
"C:\Windows\System32\SearchProtocolHost.exe","C:\Windows\System32\SearchIndexer.exe",3280,820,"1472062247.000",we8105desk,A8DCF7D63A8BB5ABEF8787775957A5BB6C0F3F77
"C:\Windows\System32\svchost.exe","C:\Windows\System32\services.exe",592,4600,"1472062229.000",we8105desk,619652B42AFE5FB0E3719D7AEDA7A5494AB193E8
"C:\Windows\System32\conhost.exe","C:\Windows\System32\csrss.exe",440,2508,"1472062228.000",we8105desk,680DEC0F8907F4B8911FBE2AA5F2FD25425BE0B0
"C:\Windows\System32\conhost.exe","C:\Windows\System32\csrss.exe",440,4668,"1472062228.000",we8105desk,680DEC0F8907F4B8911FBE2AA5F2FD25425BE0B0
"C:\Windows\System32\taskhost.exe","C:\Windows\System32\services.exe",592,4780,"1472062228.000",we8105desk,61478D71931FB3E304BC341236AB0DB1D6C26E09
"C:\Windows\System32\Defrag.exe","C:\Windows\System32\services.exe",592,748,"1472062228.000",we8105desk,8DBF4ECAE1BBAD74C91FA37603353ECFDC47425E
"C:\Windows\System32\aitagent.exe","C:\Windows\System32\services.exe",592,4688,"1472062228.000",we8105desk,394F401FDD0B47AEE24B928785BE2C8F3A38EDBF
"C:\Windows\System32\rundll32.exe","C:\Windows\System32\services.exe",592,4728,"1472062228.000",we8105desk,963B55ACC8C566876364716D5AAFA353995812A8
"C:\Windows\System32\taskhost.exe","C:\Windows\System32\services.exe",592,3152,"1472062028.000",we8105desk,61478D71931FB3E304BC341236AB0DB1D6C26E09
"C:\Windows\System32\wbem\WmiPrvSE.exe","C:\Windows\System32\svchost.exe",708,1368,"1472061966.000",we8105desk,9F5A4796B58D8B104A1C0F5A63DAF0032B947966
"C:\Windows\System32\wbem\WmiPrvSE.exe","C:\Windows\System32\svchost.exe",512,3500,"1472061917.000",we1149srv,5A4C0E82FF95C9FB762D46A696EF9F1B68001C21
"C:\Windows\System32\wbem\WmiPrvSE.exe","C:\Windows\System32\svchost.exe",512,2924,"1472061915.000",we1149srv,5A4C0E82FF95C9FB762D46A696EF9F1B68001C21
"C:\Windows\SysWOW64\dllhost.exe","C:\Windows\System32\svchost.exe",708,4608,"1472061780.000",we8105desk,ACE762C51DB1908C858C898D7E0F9B36F788D2D9
"C:\Windows\System32\wbem\WmiPrvSE.exe","C:\Windows\System32\svchost.exe",512,3824,"1472061317.000",we1149srv,5A4C0E82FF95C9FB762D46A696EF9F1B68001C21
"C:\Windows\System32\wbem\WmiPrvSE.exe","C:\Windows\System32\svchost.exe",512,2108,"1472061315.000",we1149srv,5A4C0E82FF95C9FB762D46A696EF9F1B68001C21
"C:\Windows\System32\wbem\WmiPrvSE.exe","C:\Windows\System32\svchost.exe",708,5096,"1472061065.000",we8105desk,9F5A4796B58D8B104A1C0F5A63DAF0032B947966
"C:\Windows\System32\wbem\WmiPrvSE.exe","C:\Windows\System32\svchost.exe",512,972,"1472060717.000",we1149srv,5A4C0E82FF95C9FB762D46A696EF9F1B68001C21
"C:\Windows\System32\wbem\WmiPrvSE.exe","C:\Windows\System32\svchost.exe",512,4056,"1472060715.000",we1149srv,5A4C0E82FF95C9FB762D46A696EF9F1B68001C21
"C:\Windows\System32\SearchFilterHost.exe","C:\Windows\System32\SearchIndexer.exe",3280,4664,"1472060375.000",we8105desk,904A3B130E3DB7CEA97F31CC40D64D9026FF6E41
"C:\Windows\System32\SearchProtocolHost.exe","C:\Windows\System32\SearchIndexer.exe",3280,4416,"1472060375.000",we8105desk,A8DCF7D63A8BB5ABEF8787775957A5BB6C0F3F77
"C:\Windows\System32\SearchFilterHost.exe","C:\Windows\System32\SearchIndexer.exe",3280,3968,"1472060212.000",we8105desk,904A3B130E3DB7CEA97F31CC40D64D9026FF6E41
"C:\Windows\System32\SearchProtocolHost.exe","C:\Windows\System32\SearchIndexer.exe",3280,4624,"1472060212.000",we8105desk,A8DCF7D63A8BB5ABEF8787775957A5BB6C0F3F77
"C:\Windows\System32\wbem\WmiPrvSE.exe","C:\Windows\System32\svchost.exe",708,5012,"1472060165.000",we8105desk,9F5A4796B58D8B104A1C0F5A63DAF0032B947966
"C:\Windows\System32\wbem\WmiPrvSE.exe","C:\Windows\System32\svchost.exe",512,3988,"1472060117.000",we1149srv,5A4C0E82FF95C9FB762D46A696EF9F1B68001C21
"C:\Windows\System32\wbem\WmiPrvSE.exe","C:\Windows\System32\svchost.exe",512,1292,"1472060115.000",we1149srv,5A4C0E82FF95C9FB762D46A696EF9F1B68001C21
"C:\Windows\SysWOW64\dllhost.exe","C:\Windows\System32\svchost.exe",708,4772,"1472059723.000",we8105desk,ACE762C51DB1908C858C898D7E0F9B36F788D2D9
"C:\Windows\SysWOW64\dllhost.exe","C:\Windows\System32\svchost.exe",708,4700,"1472059641.000",we8105desk,ACE762C51DB1908C858C898D7E0F9B36F788D2D9
"C:\Windows\System32\wbem\WmiPrvSE.exe","C:\Windows\System32\svchost.exe",512,2628,"1472059517.000",we1149srv,5A4C0E82FF95C9FB762D46A696EF9F1B68001C21
"C:\Windows\System32\wbem\WmiPrvSE.exe","C:\Windows\System32\svchost.exe",512,80,"1472059515.000",we1149srv,5A4C0E82FF95C9FB762D46A696EF9F1B68001C21
"C:\Windows\System32\wbem\WmiPrvSE.exe","C:\Windows\System32\svchost.exe",708,4228,"1472059265.000",we8105desk,9F5A4796B58D8B104A1C0F5A63DAF0032B947966
"C:\Windows\System32\SearchFilterHost.exe","C:\Windows\System32\SearchIndexer.exe",3280,4924,"1472059090.000",we8105desk,904A3B130E3DB7CEA97F31CC40D64D9026FF6E41
"C:\Windows\System32\SearchProtocolHost.exe","C:\Windows\System32\SearchIndexer.exe",3280,820,"1472059090.000",we8105desk,A8DCF7D63A8BB5ABEF8787775957A5BB6C0F3F77
"C:\Windows\System32\PING.EXE","C:\Windows\System32\cmd.exe",5016,4140,"1472058929.000",we8105desk,41C4E1E9ABE08B218F5EA60D8AE41A5F523E7534
"C:\Windows\System32\wbem\WmiPrvSE.exe","C:\Windows\System32\svchost.exe",708,164,"1472058929.000",we8105desk,9F5A4796B58D8B104A1C0F5A63DAF0032B947966
"C:\Windows\System32\taskkill.exe","C:\Windows\System32\cmd.exe",5016,1008,"1472058929.000",we8105desk,1F8FAE9060DDB18A3C9134D5619527744D089079
"C:\Windows\System32\conhost.exe","C:\Windows\System32\csrss.exe",544,3844,"1472058929.000",we8105desk,680DEC0F8907F4B8911FBE2AA5F2FD25425BE0B0
"C:\Windows\System32\cmd.exe","C:\Users\bob.smith.WAYNECORPINC\AppData\Roaming\{35ACA89F-933F-6A5D-2776-A3589FB99832}\osk.exe",3588,5016,"1472058929.000",we8105desk,0F3C4FF28F354AEDE202D54E9D1C5529A3BF87D8
"C:\Windows\System32\wbem\WmiPrvSE.exe","C:\Windows\System32\svchost.exe",512,80,"1472058917.000",we1149srv,5A4C0E82FF95C9FB762D46A696EF9F1B68001C21
"C:\Windows\System32\wbem\WmiPrvSE.exe","C:\Windows\System32\svchost.exe",512,2500,"1472058915.000",we1149srv,5A4C0E82FF95C9FB762D46A696EF9F1B68001C21
"C:\Windows\SysWOW64\dllhost.exe","C:\Windows\System32\svchost.exe",708,4712,"1472058913.000",we8105desk,ACE762C51DB1908C858C898D7E0F9B36F788D2D9
"C:\Windows\System32\SearchProtocolHost.exe","C:\Windows\System32\SearchIndexer.exe",3280,2460,"1472058912.000",we8105desk,A8DCF7D63A8BB5ABEF8787775957A5BB6C0F3F77
"C:\Windows\System32\wscript.exe","C:\Users\bob.smith.WAYNECORPINC\AppData\Roaming\{35ACA89F-933F-6A5D-2776-A3589FB99832}\osk.exe",3588,4324,"1472058912.000",we8105desk,851BD390BF559E702B8323062DBEB251D9F2F6F7
"C:\Windows\System32\dllhost.exe","C:\Windows\System32\svchost.exe",708,984,"1472058912.000",we8105desk,E977B87698C3E595D55827665E22FBF788DD3F9F
"C:\Program Files (x86)\Internet Explorer\iexplore.exe","C:\Program Files (x86)\Internet Explorer\iexplore.exe",2404,532,"1472058912.000",we8105desk,1962888198AE972CBB999D0DC9C9EE5CBABF5E0D
"C:\Windows\System32\notepad.exe","C:\Users\bob.smith.WAYNECORPINC\AppData\Roaming\{35ACA89F-933F-6A5D-2776-A3589FB99832}\osk.exe",3588,1936,"1472058911.000",we8105desk,7EB0139D2175739B3CCB0D1110067820BE6ABD29
"C:\Program Files (x86)\Internet Explorer\iexplore.exe","C:\Program Files (x86)\Internet Explorer\iexplore.exe",2404,4544,"1472058911.000",we8105desk,1962888198AE972CBB999D0DC9C9EE5CBABF5E0D
"C:\Program Files (x86)\Internet Explorer\iexplore.exe","C:\Users\bob.smith.WAYNECORPINC\AppData\Roaming\{35ACA89F-933F-6A5D-2776-A3589FB99832}\osk.exe",3588,2404,"1472058911.000",we8105desk,1962888198AE972CBB999D0DC9C9EE5CBABF5E0D
"C:\Windows\System32\SearchFilterHost.exe","C:\Windows\System32\SearchIndexer.exe",3280,4440,"1472058863.000",we8105desk,904A3B130E3DB7CEA97F31CC40D64D9026FF6E41
"C:\Windows\System32\SearchProtocolHost.exe","C:\Windows\System32\SearchIndexer.exe",3280,4752,"1472058863.000",we8105desk,A8DCF7D63A8BB5ABEF8787775957A5BB6C0F3F77
"C:\Windows\System32\SearchFilterHost.exe","C:\Windows\System32\SearchIndexer.exe",3280,4760,"1472058767.000",we8105desk,904A3B130E3DB7CEA97F31CC40D64D9026FF6E41
"C:\Windows\System32\SearchProtocolHost.exe","C:\Windows\System32\SearchIndexer.exe",3280,952,"1472058767.000",we8105desk,A8DCF7D63A8BB5ABEF8787775957A5BB6C0F3F77
"C:\Windows\System32\dllhost.exe","C:\Windows\System32\svchost.exe",708,4592,"1472058735.000",we8105desk,E977B87698C3E595D55827665E22FBF788DD3F9F
"C:\Windows\System32\dllhost.exe","C:\Windows\System32\svchost.exe",708,3664,"1472058726.000",we8105desk,E977B87698C3E595D55827665E22FBF788DD3F9F
"C:\Windows\SysWOW64\dllhost.exe","C:\Windows\System32\svchost.exe",708,4316,"1472058714.000",we8105desk,ACE762C51DB1908C858C898D7E0F9B36F788D2D9
"C:\Windows\explorer.exe","C:\Windows\explorer.exe",3496,2296,"1472058714.000",we8105desk,4583DAF9442880204730FB2C8A060430640494B1
"C:\Windows\System32\taskhost.exe","C:\Windows\System32\services.exe",592,3216,"1472058711.000",we8105desk,61478D71931FB3E304BC341236AB0DB1D6C26E09
"C:\Windows\System32\SearchFilterHost.exe","C:\Windows\System32\SearchIndexer.exe",3280,912,"1472058601.000",we8105desk,904A3B130E3DB7CEA97F31CC40D64D9026FF6E41
"C:\Windows\System32\SearchProtocolHost.exe","C:\Windows\System32\SearchIndexer.exe",3280,4812,"1472058601.000",we8105desk,A8DCF7D63A8BB5ABEF8787775957A5BB6C0F3F77
"C:\Windows\System32\SearchFilterHost.exe","C:\Windows\System32\SearchIndexer.exe",3280,4216,"1472058527.000",we8105desk,904A3B130E3DB7CEA97F31CC40D64D9026FF6E41
"C:\Windows\System32\SearchProtocolHost.exe","C:\Windows\System32\SearchIndexer.exe",3280,4572,"1472058527.000",we8105desk,A8DCF7D63A8BB5ABEF8787775957A5BB6C0F3F77
"C:\Windows\System32\SearchFilterHost.exe","C:\Windows\System32\SearchIndexer.exe",3280,4228,"1472058406.000",we8105desk,904A3B130E3DB7CEA97F31CC40D64D9026FF6E41
"C:\Windows\System32\SearchProtocolHost.exe","C:\Windows\System32\SearchIndexer.exe",3280,680,"1472058406.000",we8105desk,A8DCF7D63A8BB5ABEF8787775957A5BB6C0F3F77
"C:\Windows\System32\dllhost.exe","C:\Windows\System32\svchost.exe",708,3992,"1472058399.000",we8105desk,E977B87698C3E595D55827665E22FBF788DD3F9F
"C:\Windows\System32\dllhost.exe","C:\Windows\System32\svchost.exe",708,3152,"1472058391.000",we8105desk,E977B87698C3E595D55827665E22FBF788DD3F9F
"C:\Windows\System32\wbem\WmiPrvSE.exe","C:\Windows\System32\svchost.exe",708,3828,"1472058365.000",we8105desk,9F5A4796B58D8B104A1C0F5A63DAF0032B947966
"C:\Windows\System32\dllhost.exe","C:\Windows\System32\svchost.exe",708,3804,"1472058361.000",we8105desk,E977B87698C3E595D55827665E22FBF788DD3F9F
"C:\Windows\System32\dllhost.exe","C:\Windows\System32\svchost.exe",708,3992,"1472058353.000",we8105desk,E977B87698C3E595D55827665E22FBF788DD3F9F
"C:\Windows\System32\dllhost.exe","C:\Windows\System32\svchost.exe",708,2212,"1472058347.000",we8105desk,E977B87698C3E595D55827665E22FBF788DD3F9F
"C:\Windows\SysWOW64\dllhost.exe","C:\Windows\System32\svchost.exe",708,3884,"1472058333.000",we8105desk,ACE762C51DB1908C858C898D7E0F9B36F788D2D9
"C:\Windows\System32\dllhost.exe","C:\Windows\System32\svchost.exe",708,4920,"1472058319.000",we8105desk,E977B87698C3E595D55827665E22FBF788DD3F9F
"C:\Windows\System32\wbem\WmiPrvSE.exe","C:\Windows\System32\svchost.exe",512,2672,"1472058317.000",we1149srv,5A4C0E82FF95C9FB762D46A696EF9F1B68001C21
"C:\Windows\System32\wbem\WmiPrvSE.exe","C:\Windows\System32\svchost.exe",512,1456,"1472058315.000",we1149srv,5A4C0E82FF95C9FB762D46A696EF9F1B68001C21
"C:\Windows\System32\dllhost.exe","C:\Windows\System32\svchost.exe",708,2228,"1472058303.000",we8105desk,E977B87698C3E595D55827665E22FBF788DD3F9F
"C:\Windows\System32\dllhost.exe","C:\Windows\System32\svchost.exe",708,5072,"1472058295.000",we8105desk,E977B87698C3E595D55827665E22FBF788DD3F9F
"C:\Windows\SysWOW64\dllhost.exe","C:\Windows\System32\svchost.exe",708,5068,"1472058293.000",we8105desk,ACE762C51DB1908C858C898D7E0F9B36F788D2D9
"C:\Windows\System32\dllhost.exe","C:\Windows\System32\svchost.exe",708,1136,"1472058273.000",we8105desk,E977B87698C3E595D55827665E22FBF788DD3F9F
"C:\Windows\SysWOW64\dllhost.exe","C:\Windows\System32\svchost.exe",708,3968,"1472058273.000",we8105desk,ACE762C51DB1908C858C898D7E0F9B36F788D2D9
"C:\Windows\System32\SearchFilterHost.exe","C:\Windows\System32\SearchIndexer.exe",3280,4952,"1472058271.000",we8105desk,904A3B130E3DB7CEA97F31CC40D64D9026FF6E41
"C:\Windows\System32\SearchProtocolHost.exe","C:\Windows\System32\SearchIndexer.exe",3280,4412,"1472058271.000",we8105desk,A8DCF7D63A8BB5ABEF8787775957A5BB6C0F3F77
"C:\Windows\System32\audiodg.exe","C:\Windows\System32\svchost.exe",860,1276,"1472058156.000",we8105desk,F033FD30AACD0183BFC30861891A92B56AC2468B
"C:\Windows\System32\rundll32.exe","C:\Windows\System32\svchost.exe",708,1280,"1472058156.000",we8105desk,963B55ACC8C566876364716D5AAFA353995812A8
"C:\Windows\System32\DeviceDisplayObjectProvider.exe","C:\Windows\System32\svchost.exe",708,4756,"1472058149.000",we8105desk,72E98687A8D28614E2131C300403C2822856E865
"C:\Windows\System32\DeviceDisplayObjectProvider.exe","C:\Windows\System32\svchost.exe",708,3816,"1472058135.000",we8105desk,72E98687A8D28614E2131C300403C2822856E865
"C:\Windows\System32\SearchFilterHost.exe","C:\Windows\System32\SearchIndexer.exe",3280,4152,"1472057815.000",we8105desk,904A3B130E3DB7CEA97F31CC40D64D9026FF6E41
"C:\Windows\System32\SearchProtocolHost.exe","C:\Windows\System32\SearchIndexer.exe",3280,4160,"1472057815.000",we8105desk,A8DCF7D63A8BB5ABEF8787775957A5BB6C0F3F77
"C:\Program Files (x86)\Internet Explorer\iexplore.exe","C:\Program Files (x86)\Internet Explorer\iexplore.exe",4576,4520,"1472057814.000",we8105desk,1962888198AE972CBB999D0DC9C9EE5CBABF5E0D
"C:\Program Files (x86)\Internet Explorer\iexplore.exe","C:\Windows\System32\rundll32.exe",4928,4576,"1472057811.000",we8105desk,1962888198AE972CBB999D0DC9C9EE5CBABF5E0D
"C:\Windows\System32\rundll32.exe","C:\Windows\explorer.exe",3496,4928,"1472057807.000",we8105desk,963B55ACC8C566876364716D5AAFA353995812A8
"C:\Windows\System32\dllhost.exe","C:\Windows\System32\svchost.exe",708,4860,"1472057806.000",we8105desk,E977B87698C3E595D55827665E22FBF788DD3F9F
"C:\Windows\SysWOW64\dllhost.exe","C:\Windows\System32\svchost.exe",708,4836,"1472057803.000",we8105desk,ACE762C51DB1908C858C898D7E0F9B36F788D2D9
"C:\Windows\SysWOW64\dllhost.exe","C:\Windows\System32\svchost.exe",708,3776,"1472057789.000",we8105desk,ACE762C51DB1908C858C898D7E0F9B36F788D2D9
"C:\Windows\explorer.exe","C:\Windows\explorer.exe",3496,3508,"1472057779.000",we8105desk,4583DAF9442880204730FB2C8A060430640494B1
"C:\Windows\System32\audiodg.exe","C:\Windows\System32\svchost.exe",860,4888,"1472057771.000",we8105desk,F033FD30AACD0183BFC30861891A92B56AC2468B
"C:\Windows\SysWOW64\dllhost.exe","C:\Windows\System32\svchost.exe",708,3216,"1472057769.000",we8105desk,ACE762C51DB1908C858C898D7E0F9B36F788D2D9
"C:\Windows\explorer.exe","C:\Windows\explorer.exe",3496,1000,"1472057768.000",we8105desk,4583DAF9442880204730FB2C8A060430640494B1
"C:\Windows\System32\wbem\WmiPrvSE.exe","C:\Windows\System32\svchost.exe",512,1044,"1472057717.000",we1149srv,5A4C0E82FF95C9FB762D46A696EF9F1B68001C21
"C:\Windows\System32\wbem\WmiPrvSE.exe","C:\Windows\System32\svchost.exe",512,3740,"1472057715.000",we1149srv,5A4C0E82FF95C9FB762D46A696EF9F1B68001C21
"C:\Windows\System32\slui.exe","C:\Windows\System32\svchost.exe",708,912,"1472057619.000",we8105desk,ED37FDB169BB539271C117D3E8A5F14FD8DF1C0D
"C:\Windows\System32\wbem\WmiPrvSE.exe","C:\Windows\System32\svchost.exe",708,4984,"1472057465.000",we8105desk,9F5A4796B58D8B104A1C0F5A63DAF0032B947966
"C:\Windows\System32\SearchFilterHost.exe","C:\Windows\System32\SearchIndexer.exe",3280,4544,"1472057382.000",we8105desk,904A3B130E3DB7CEA97F31CC40D64D9026FF6E41
"C:\Windows\System32\SearchProtocolHost.exe","C:\Windows\System32\SearchIndexer.exe",3280,4520,"1472057382.000",we8105desk,A8DCF7D63A8BB5ABEF8787775957A5BB6C0F3F77
"C:\Windows\System32\conhost.exe","C:\Windows\System32\csrss.exe",544,2032,"1472057364.000",we8105desk,680DEC0F8907F4B8911FBE2AA5F2FD25425BE0B0
"C:\Windows\System32\bcdedit.exe","C:\Users\bob.smith.WAYNECORPINC\AppData\Roaming\{35ACA89F-933F-6A5D-2776-A3589FB99832}\osk.exe",3588,3872,"1472057364.000",we8105desk,6FEEDABBC6576A4BDC68935677B7A01F130B98F2
"C:\Windows\System32\conhost.exe","C:\Windows\System32\csrss.exe",544,2024,"1472057364.000",we8105desk,680DEC0F8907F4B8911FBE2AA5F2FD25425BE0B0
"C:\Windows\System32\bcdedit.exe","C:\Users\bob.smith.WAYNECORPINC\AppData\Roaming\{35ACA89F-933F-6A5D-2776-A3589FB99832}\osk.exe",3588,2020,"1472057364.000",we8105desk,6FEEDABBC6576A4BDC68935677B7A01F130B98F2
"C:\Windows\System32\conhost.exe","C:\Windows\System32\csrss.exe",544,3372,"1472057363.000",we8105desk,680DEC0F8907F4B8911FBE2AA5F2FD25425BE0B0
"C:\Windows\System32\wbem\WMIC.exe","C:\Users\bob.smith.WAYNECORPINC\AppData\Roaming\{35ACA89F-933F-6A5D-2776-A3589FB99832}\osk.exe",3588,1100,"1472057363.000",we8105desk,071A645A88E4236281E58B90A5D50A2AC80E26E5
"C:\Windows\System32\svchost.exe","C:\Windows\System32\services.exe",592,952,"1472057363.000",we8105desk,619652B42AFE5FB0E3719D7AEDA7A5494AB193E8
"C:\Windows\System32\VSSVC.exe","C:\Windows\System32\services.exe",592,3836,"1472057363.000",we8105desk,1D6F5A5DE7154B75144C6A033C36FD86FF2BBE9B
"C:\Windows\System32\conhost.exe","C:\Windows\System32\csrss.exe",544,972,"1472057363.000",we8105desk,680DEC0F8907F4B8911FBE2AA5F2FD25425BE0B0
"C:\Windows\System32\vssadmin.exe","C:\Users\bob.smith.WAYNECORPINC\AppData\Roaming\{35ACA89F-933F-6A5D-2776-A3589FB99832}\osk.exe",3588,3508,"1472057363.000",we8105desk,09FAFEB1B8404124B33C44440BE7E3FDB6105F8A
"C:\Windows\SysWOW64\dllhost.exe","C:\Windows\System32\svchost.exe",708,3924,"1472057362.000",we8105desk,ACE762C51DB1908C858C898D7E0F9B36F788D2D9
"C:\Windows\System32\dllhost.exe","C:\Windows\System32\svchost.exe",708,3448,"1472057362.000",we8105desk,E977B87698C3E595D55827665E22FBF788DD3F9F
"C:\Windows\System32\consent.exe","C:\Windows\System32\svchost.exe",928,2372,"1472057361.000",we8105desk,6E4E720DFC424A12383F0B8194E4477E3BC346DC
"C:\Users\bob.smith.WAYNECORPINC\AppData\Roaming\{35ACA89F-933F-6A5D-2776-A3589FB99832}\osk.exe","C:\Users\bob.smith.WAYNECORPINC\AppData\Roaming\{35ACA89F-933F-6A5D-2776-A3589FB99832}\osk.exe",3780,3588,"1472057351.000",we8105desk,C8F3F0A33EFE38E9296EF79552C4CADF6CF0BDE6
"C:\Users\bob.smith.WAYNECORPINC\AppData\Roaming\{35ACA89F-933F-6A5D-2776-A3589FB99832}\osk.exe","C:\Windows\SysWOW64\QqJXZrBKCk72XzRgZs\AdapterTroubleshooter.exe",3904,3780,"1472057343.000",we8105desk,C8F3F0A33EFE38E9296EF79552C4CADF6CF0BDE6
"C:\Windows\SysWOW64\QqJXZrBKCk72XzRgZs\AdapterTroubleshooter.exe","C:\Windows\SysWOW64\explorer.exe",3872,3904,"1472057343.000",we8105desk,B7202CF005748D0815A2F8B0BD1B2E681CB6C5E2
"C:\Windows\System32\dllhost.exe","C:\Windows\System32\svchost.exe",708,1280,"1472057343.000",we8105desk,E977B87698C3E595D55827665E22FBF788DD3F9F
"C:\Windows\System32\consent.exe","C:\Windows\System32\svchost.exe",928,3968,"1472057343.000",we8105desk,6E4E720DFC424A12383F0B8194E4477E3BC346DC
"C:\Windows\SysWOW64\QqJXZrBKCk72XzRgZs\AdapterTroubleshooter.exe","C:\Windows\SysWOW64\explorer.exe",3872,1684,"1472057343.000",we8105desk,B7202CF005748D0815A2F8B0BD1B2E681CB6C5E2
"C:\Windows\System32\consent.exe","C:\Windows\System32\svchost.exe",928,3216,"1472057343.000",we8105desk,6E4E720DFC424A12383F0B8194E4477E3BC346DC
"C:\Windows\System32\consent.exe","C:\Windows\System32\svchost.exe",928,3448,"1472057343.000",we8105desk,6E4E720DFC424A12383F0B8194E4477E3BC346DC
"C:\Windows\SysWOW64\dllhost.exe","C:\Windows\System32\svchost.exe",708,3852,"1472057343.000",we8105desk,ACE762C51DB1908C858C898D7E0F9B36F788D2D9
"C:\Windows\System32\dllhost.exe","C:\Windows\System32\svchost.exe",708,3912,"1472057343.000",we8105desk,E977B87698C3E595D55827665E22FBF788DD3F9F
"C:\Windows\System32\consent.exe","C:\Windows\System32\svchost.exe",928,3200,"1472057342.000",we8105desk,6E4E720DFC424A12383F0B8194E4477E3BC346DC
"C:\Windows\SysWOW64\explorer.exe","C:\Users\bob.smith.WAYNECORPINC\AppData\Roaming\{35ACA89F-933F-6A5D-2776-A3589FB99832}\osk.exe",2588,3872,"1472057341.000",we8105desk,89A175A12BC20104770D0EF83E553F8B0E06274B
"C:\Users\bob.smith.WAYNECORPINC\AppData\Roaming\{35ACA89F-933F-6A5D-2776-A3589FB99832}\osk.exe","C:\Users\bob.smith.WAYNECORPINC\AppData\Roaming\{35ACA89F-933F-6A5D-2776-A3589FB99832}\osk.exe",3836,2588,"1472057330.000",we8105desk,C8F3F0A33EFE38E9296EF79552C4CADF6CF0BDE6
"C:\Windows\SysWOW64\PING.EXE","C:\Windows\SysWOW64\cmd.exe",1280,556,"1472057322.000",we8105desk,6AC7947207D999A65890AB25FE344955DA35028E
"C:\Windows\SysWOW64\taskkill.exe","C:\Windows\SysWOW64\cmd.exe",1280,1684,"1472057321.000",we8105desk,1985A9D34271CD24D28C15452C822BD4B9B50F90
"C:\Windows\System32\conhost.exe","C:\Windows\System32\csrss.exe",544,872,"1472057321.000",we8105desk,680DEC0F8907F4B8911FBE2AA5F2FD25425BE0B0
"C:\Windows\SysWOW64\cmd.exe","C:\Users\bob.smith.WAYNECORPINC\AppData\Roaming\121214.tmp",3828,1280,"1472057321.000",we8105desk,EE8CBF12D87C4D388F09B4F69BED2E91682920B5
"C:\Users\bob.smith.WAYNECORPINC\AppData\Roaming\{35ACA89F-933F-6A5D-2776-A3589FB99832}\osk.exe","C:\Users\bob.smith.WAYNECORPINC\AppData\Roaming\121214.tmp",3828,3836,"1472057321.000",we8105desk,C8F3F0A33EFE38E9296EF79552C4CADF6CF0BDE6
"C:\Users\bob.smith.WAYNECORPINC\AppData\Roaming\121214.tmp","C:\Users\bob.smith.WAYNECORPINC\AppData\Roaming\121214.tmp",2948,3828,"1472057309.000",we8105desk,C8F3F0A33EFE38E9296EF79552C4CADF6CF0BDE6
"C:\Users\bob.smith.WAYNECORPINC\AppData\Roaming\121214.tmp","C:\Windows\SysWOW64\cmd.exe",1476,2948,"1472057301.000",we8105desk,C8F3F0A33EFE38E9296EF79552C4CADF6CF0BDE6
"C:\Windows\System32\conhost.exe","C:\Windows\System32\csrss.exe",544,2860,"1472057301.000",we8105desk,680DEC0F8907F4B8911FBE2AA5F2FD25425BE0B0
"C:\Windows\SysWOW64\cmd.exe","C:\Windows\SysWOW64\wscript.exe",3968,1476,"1472057301.000",we8105desk,EE8CBF12D87C4D388F09B4F69BED2E91682920B5
"C:\Windows\System32\wbem\WmiPrvSE.exe","C:\Windows\System32\svchost.exe",512,3228,"1472057117.000",we1149srv,5A4C0E82FF95C9FB762D46A696EF9F1B68001C21
"C:\Windows\System32\wbem\WmiPrvSE.exe","C:\Windows\System32\svchost.exe",512,2508,"1472057115.000",we1149srv,5A4C0E82FF95C9FB762D46A696EF9F1B68001C21
"C:\Windows\SysWOW64\dllhost.exe","C:\Windows\System32\svchost.exe",708,3448,"1472057061.000",we8105desk,ACE762C51DB1908C858C898D7E0F9B36F788D2D9
"C:\Windows\SysWOW64\dllhost.exe","C:\Windows\System32\svchost.exe",708,3784,"1472057048.000",we8105desk,ACE762C51DB1908C858C898D7E0F9B36F788D2D9
"C:\Windows\System32\dllhost.exe","C:\Windows\System32\svchost.exe",708,3208,"1472057047.000",we8105desk,E977B87698C3E595D55827665E22FBF788DD3F9F
"C:\Windows\SysWOW64\dllhost.exe","C:\Windows\System32\svchost.exe",708,1368,"1472057034.000",we8105desk,ACE762C51DB1908C858C898D7E0F9B36F788D2D9
"C:\Windows\explorer.exe","C:\Windows\explorer.exe",3496,3372,"1472057034.000",we8105desk,4583DAF9442880204730FB2C8A060430640494B1
"C:\Windows\splwow64.exe","C:\Program Files (x86)\Microsoft Office\Office14\WINWORD.EXE",3756,1420,"1472057007.000",we8105desk,4ABC063D21E6F85756AB02C98439E45204087959
"C:\Windows\SysWOW64\wscript.exe","C:\Windows\SysWOW64\cmd.exe",3884,3968,"1472057001.000",we8105desk,860265276B29B42B8C4B077E5C651DEF9C81B6E9
"C:\Windows\System32\conhost.exe","C:\Windows\System32\csrss.exe",544,1936,"1472057001.000",we8105desk,680DEC0F8907F4B8911FBE2AA5F2FD25425BE0B0
"C:\Windows\SysWOW64\cmd.exe","C:\Program Files (x86)\Microsoft Office\Office14\WINWORD.EXE",3756,3884,"1472057001.000",we8105desk,EE8CBF12D87C4D388F09B4F69BED2E91682920B5
"C:\Windows\SysWOW64\dllhost.exe","C:\Windows\System32\svchost.exe",708,2352,"1472056997.000",we8105desk,ACE762C51DB1908C858C898D7E0F9B36F788D2D9
"C:\Windows\System32\wbem\WMIADAP.exe","C:\Windows\System32\svchost.exe",928,2408,"1472056997.000",we8105desk,B3D339964BFEA63EC9E85EC73B246C4CC1D25F9A
"C:\Program Files\Common Files\Microsoft Shared\OfficeSoftwareProtectionPlatform\OSPPSVC.EXE","C:\Windows\System32\services.exe",592,1212,"1472056996.000",we8105desk,945D94FEF51E0DB76C2FD95EE22ED2767BE0FE0B
"C:\Program Files (x86)\Microsoft Office\Office14\WINWORD.EXE","C:\Windows\explorer.exe",3496,3756,"1472056992.000",we8105desk,6E35AE1D5B6F192109D7A752ACD939F5CA2B97A6
"C:\Windows\System32\dllhost.exe","C:\Windows\System32\svchost.exe",708,3372,"1472056992.000",we8105desk,E977B87698C3E595D55827665E22FBF788DD3F9F
"C:\Windows\System32\dllhost.exe","C:\Windows\System32\svchost.exe",708,1936,"1472056983.000",we8105desk,E977B87698C3E595D55827665E22FBF788DD3F9F
"C:\Windows\SysWOW64\dllhost.exe","C:\Windows\System32\svchost.exe",708,3680,"1472056983.000",we8105desk,ACE762C51DB1908C858C898D7E0F9B36F788D2D9
"C:\Windows\explorer.exe","C:\Windows\explorer.exe",3496,3508,"1472056982.000",we8105desk,4583DAF9442880204730FB2C8A060430640494B1
"C:\Windows\System32\audiodg.exe","C:\Windows\System32\svchost.exe",860,1108,"1472056936.000",we8105desk,F033FD30AACD0183BFC30861891A92B56AC2468B
"C:\Windows\System32\dwm.exe","C:\Windows\System32\winlogon.exe",1988,2408,"1472056619.000",we9041srv,2A9F711A601DB66788695BF6C8EFCF9C47632F84
"C:\Windows\System32\LogonUI.exe","C:\Windows\System32\winlogon.exe",1988,3692,"1472056619.000",we9041srv,00E95FD493D6169DB28A4DC736173EFC135F8391
"C:\Windows\System32\winlogon.exe","C:\Windows\System32\smss.exe",3076,1988,"1472056618.000",we9041srv,2E2F86C0FBB19E7DB1B7C6CD9F45934A567134E9
"C:\Windows\System32\csrss.exe","C:\Windows\System32\smss.exe",3076,1824,"1472056618.000",we9041srv,C79E4586989EBB8E8F8084B5EB49AFBFD243A625
"C:\Windows\System32\smss.exe","C:\Windows\System32\smss.exe",196,3076,"1472056618.000",we9041srv,D6F56CBF9D3EF411760AD68F9FCE9B5EB52D55C0
"C:\Windows\System32\choice.exe","C:\Windows\System32\cmd.exe",1208,1140,"1472056604.000",we8105desk,0EDCC10670D29E5CA59702FACEF13D8F3376AFC5
"C:\Windows\System32\conhost.exe","C:\Windows\System32\csrss.exe",440,2676,"1472056604.000",we8105desk,680DEC0F8907F4B8911FBE2AA5F2FD25425BE0B0
"C:\Windows\System32\cmd.exe","C:\Windows\tenable_mw_scan_142a90001fb65e0beb1751cc8c63edd0.exe",2028,1208,"1472056604.000",we8105desk,0F3C4FF28F354AEDE202D54E9D1C5529A3BF87D8
"C:\Windows\System32\dwm.exe","C:\Windows\System32\winlogon.exe",3904,1092,"1472056586.000",we1149srv,2A9F711A601DB66788695BF6C8EFCF9C47632F84
"C:\Windows\System32\LogonUI.exe","C:\Windows\System32\winlogon.exe",3904,3736,"1472056585.000",we1149srv,00E95FD493D6169DB28A4DC736173EFC135F8391
"C:\Windows\System32\winlogon.exe","C:\Windows\System32\smss.exe",2600,3904,"1472056584.000",we1149srv,2E2F86C0FBB19E7DB1B7C6CD9F45934A567134E9
"C:\Windows\System32\csrss.exe","C:\Windows\System32\smss.exe",2600,4072,"1472056584.000",we1149srv,C79E4586989EBB8E8F8084B5EB49AFBFD243A625
"C:\Windows\System32\smss.exe","C:\Windows\System32\smss.exe",200,2600,"1472056584.000",we1149srv,D6F56CBF9D3EF411760AD68F9FCE9B5EB52D55C0
"C:\Windows\System32\SearchFilterHost.exe","C:\Windows\System32\SearchIndexer.exe",3280,3132,"1472056574.000",we8105desk,904A3B130E3DB7CEA97F31CC40D64D9026FF6E41
"C:\Windows\tenable_mw_scan_142a90001fb65e0beb1751cc8c63edd0.exe","C:\Windows\System32\services.exe",592,2028,"1472056574.000",we8105desk,9279E68EF65F409E8A4DBEF4586FB5D10B2E4943
"C:\Windows\System32\conhost.exe","C:\Windows\System32\csrss.exe",440,2208,"1472056574.000",we8105desk,680DEC0F8907F4B8911FBE2AA5F2FD25425BE0B0
"C:\Windows\System32\sc.exe","C:\Windows\System32\wbem\WmiPrvSE.exe",1516,2508,"1472056574.000",we8105desk,DB1F81F5E209FED6DF3255F6C820555CF17A839C
"C:\Windows\System32\choice.exe","C:\Windows\System32\cmd.exe",3888,1908,"1472056562.000",we9041srv,B78EF6A7739820A9BA2A5905405EB15AB4624C35
"C:\Windows\System32\conhost.exe","C:\Windows\System32\cmd.exe",3888,3384,"1472056562.000",we9041srv,2C6B753628A3AA138AE52357F76AA4D5617D890E
"C:\Windows\System32\cmd.exe","C:\Windows\tenable_mw_scan_142a90001fb65e0beb1751cc8c63edd0.exe",816,3888,"1472056562.000",we9041srv,0C2E3CF2D2F09792960A73DC772A086E99A96764
"C:\Windows\System32\schtasks.exe","C:\Windows\System32\cmd.exe",2308,3848,"1472056536.000",we8105desk,BD9DCEFFBCBBC82BEE5F2109BD73A57477FE1F92
"C:\Windows\System32\conhost.exe","C:\Windows\System32\csrss.exe",440,2700,"1472056536.000",we8105desk,680DEC0F8907F4B8911FBE2AA5F2FD25425BE0B0
"C:\Windows\System32\cmd.exe","C:\Windows\System32\wbem\WmiPrvSE.exe",1516,2308,"1472056536.000",we8105desk,0F3C4FF28F354AEDE202D54E9D1C5529A3BF87D8
"C:\Windows\tenable_mw_scan_142a90001fb65e0beb1751cc8c63edd0.exe","C:\Windows\System32\services.exe",444,816,"1472056532.000",we9041srv,9279E68EF65F409E8A4DBEF4586FB5D10B2E4943
"C:\Windows\System32\conhost.exe","C:\Windows\System32\sc.exe",2960,3572,"1472056532.000",we9041srv,2C6B753628A3AA138AE52357F76AA4D5617D890E
"C:\Windows\System32\sc.exe","C:\Windows\System32\wbem\WmiPrvSE.exe",3424,2960,"1472056532.000",we9041srv,DBBA63CB28FC7F4E145E1DB05BBA9D7503FCA139
"C:\Windows\System32\wbem\WmiPrvSE.exe","C:\Windows\System32\svchost.exe",512,1208,"1472056517.000",we1149srv,5A4C0E82FF95C9FB762D46A696EF9F1B68001C21
"C:\Windows\System32\wsmprovhost.exe","C:\Windows\System32\svchost.exe",512,3536,"1472056515.000",we1149srv,c01fc20c66fb5b49d4c30bcfdd9507f5a294bc8d
"C:\Windows\System32\wbem\WmiPrvSE.exe","C:\Windows\System32\svchost.exe",592,3660,"1472056508.000",we9041srv,5A4C0E82FF95C9FB762D46A696EF9F1B68001C21
"C:\Windows\System32\netsh.exe","C:\Windows\System32\cmd.exe",996,1528,"1472056496.000",we8105desk,BE48070856D4A1097B0DE1228711593728BB6EE1
"C:\Windows\System32\cmd.exe","C:\Windows\System32\cmd.exe",1856,996,"1472056496.000",we8105desk,0F3C4FF28F354AEDE202D54E9D1C5529A3BF87D8
"C:\Windows\System32\netsh.exe","C:\Windows\System32\cmd.exe",1856,4080,"1472056495.000",we8105desk,BE48070856D4A1097B0DE1228711593728BB6EE1
"C:\Windows\System32\conhost.exe","C:\Windows\System32\csrss.exe",440,3848,"1472056495.000",we8105desk,680DEC0F8907F4B8911FBE2AA5F2FD25425BE0B0
"C:\Windows\System32\cmd.exe","C:\Windows\System32\wbem\WmiPrvSE.exe",1516,1856,"1472056495.000",we8105desk,0F3C4FF28F354AEDE202D54E9D1C5529A3BF87D8
"C:\Windows\System32\schtasks.exe","C:\Windows\System32\cmd.exe",2024,1664,"1472056490.000",we9041srv,F3C20BCDB094B7394DCAEEEA4EAB16F1EE3D7B00
"C:\Windows\System32\conhost.exe","C:\Windows\System32\cmd.exe",2024,2436,"1472056490.000",we9041srv,2C6B753628A3AA138AE52357F76AA4D5617D890E
"C:\Windows\System32\cmd.exe","C:\Windows\System32\wbem\WmiPrvSE.exe",3424,2024,"1472056490.000",we9041srv,0C2E3CF2D2F09792960A73DC772A086E99A96764
"C:\Windows\System32\tasklist.exe","C:\Windows\System32\cmd.exe",3384,2020,"1472056461.000",we8105desk,B29B8E863F2D22AD8EBE6CBA854C905314C3C944
"C:\Windows\System32\conhost.exe","C:\Windows\System32\csrss.exe",440,2028,"1472056461.000",we8105desk,680DEC0F8907F4B8911FBE2AA5F2FD25425BE0B0
"C:\Windows\System32\cmd.exe","C:\Windows\System32\wbem\WmiPrvSE.exe",1516,3384,"1472056461.000",we8105desk,0F3C4FF28F354AEDE202D54E9D1C5529A3BF87D8
"C:\Windows\System32\svchost.exe","C:\Windows\System32\services.exe",444,4052,"1472056459.000",we9041srv,4EEA9BDFE0EB41759D96EC9BD224C4519314A8FA
"C:\Windows\System32\WindowsPowerShell\v1.0\powershell.exe","C:\Windows\System32\cmd.exe",3016,3800,"1472056454.000",we9041srv,9FA7C81107858AA5E15660BA0640D80C68E8E9CB
"C:\Windows\System32\conhost.exe","C:\Windows\System32\cmd.exe",3016,3648,"1472056454.000",we9041srv,2C6B753628A3AA138AE52357F76AA4D5617D890E
"C:\Windows\System32\cmd.exe","C:\Windows\System32\wbem\WmiPrvSE.exe",3424,3016,"1472056454.000",we9041srv,0C2E3CF2D2F09792960A73DC772A086E99A96764
"C:\Windows\System32\netsh.exe","C:\Windows\System32\cmd.exe",2696,1824,"1472056451.000",we9041srv,092E4FAC4F217FE84E793DE453351EF7274705DC
"C:\Windows\System32\cmd.exe","C:\Windows\System32\cmd.exe",3836,2696,"1472056451.000",we9041srv,0C2E3CF2D2F09792960A73DC772A086E99A96764
"C:\Windows\System32\netsh.exe","C:\Windows\System32\cmd.exe",3836,2468,"1472056451.000",we9041srv,092E4FAC4F217FE84E793DE453351EF7274705DC
"C:\Windows\System32\conhost.exe","C:\Windows\System32\cmd.exe",3836,2552,"1472056451.000",we9041srv,2C6B753628A3AA138AE52357F76AA4D5617D890E
"C:\Windows\System32\cmd.exe","C:\Windows\System32\wbem\WmiPrvSE.exe",3424,3836,"1472056451.000",we9041srv,0C2E3CF2D2F09792960A73DC772A086E99A96764
"C:\Windows\System32\wbem\WmiPrvSE.exe","C:\Windows\System32\svchost.exe",708,3772,"1472056446.000",we8105desk,9F5A4796B58D8B104A1C0F5A63DAF0032B947966
"C:\Windows\System32\svchost.exe","C:\Windows\System32\services.exe",592,3780,"1472056446.000",we8105desk,619652B42AFE5FB0E3719D7AEDA7A5494AB193E8
"C:\Windows\System32\netsh.exe","C:\Windows\System32\cmd.exe",1052,1388,"1472056445.000",we8105desk,BE48070856D4A1097B0DE1228711593728BB6EE1
"C:\Windows\System32\conhost.exe","C:\Windows\System32\csrss.exe",440,1760,"1472056445.000",we8105desk,680DEC0F8907F4B8911FBE2AA5F2FD25425BE0B0
"C:\Windows\System32\cmd.exe","C:\Windows\System32\wbem\WmiPrvSE.exe",1516,1052,"1472056445.000",we8105desk,0F3C4FF28F354AEDE202D54E9D1C5529A3BF87D8
"C:\Windows\servicing\TrustedInstaller.exe","C:\Windows\System32\services.exe",592,3572,"1472056444.000",we8105desk,9BC06A0461B5AB060CA8C15292AB73F83F473FC7
"C:\Windows\System32\NETSTAT.EXE","C:\Windows\System32\cmd.exe",656,4008,"1472056433.000",we8105desk,AC4A74D027962554608CE9A90BB8204788ABCD3C
"C:\Windows\System32\SearchFilterHost.exe","C:\Windows\System32\SearchIndexer.exe",3280,2676,"1472056433.000",we8105desk,904A3B130E3DB7CEA97F31CC40D64D9026FF6E41
"C:\Windows\System32\conhost.exe","C:\Windows\System32\csrss.exe",440,748,"1472056433.000",we8105desk,680DEC0F8907F4B8911FBE2AA5F2FD25425BE0B0
"C:\Windows\System32\SearchProtocolHost.exe","C:\Windows\System32\SearchIndexer.exe",3280,3184,"1472056433.000",we8105desk,A8DCF7D63A8BB5ABEF8787775957A5BB6C0F3F77
"C:\Windows\System32\cmd.exe","C:\Windows\System32\wbem\WmiPrvSE.exe",1516,656,"1472056433.000",we8105desk,0F3C4FF28F354AEDE202D54E9D1C5529A3BF87D8
"C:\Windows\System32\wbem\WmiPrvSE.exe","C:\Windows\System32\svchost.exe",708,1516,"1472056432.000",we8105desk,9F5A4796B58D8B104A1C0F5A63DAF0032B947966
"C:\Windows\System32\inetsrv\w3wp.exe","C:\Windows\System32\svchost.exe",1476,2416,"1472056426.000",we1149srv,8502B1E8149C813392D9B96913807D8613A58164
"C:\Windows\System32\tasklist.exe","C:\Windows\System32\cmd.exe",3720,2476,"1472056424.000",we9041srv,12512117A3C2878EA72F8AEB7AA6BB0CB3736D5F
"C:\Windows\System32\conhost.exe","C:\Windows\System32\cmd.exe",3720,2036,"1472056424.000",we9041srv,2C6B753628A3AA138AE52357F76AA4D5617D890E
"C:\Windows\System32\cmd.exe","C:\Windows\System32\wbem\WmiPrvSE.exe",3424,3720,"1472056424.000",we9041srv,0C2E3CF2D2F09792960A73DC772A086E99A96764
"C:\Windows\System32\wbem\WmiPrvSE.exe","C:\Windows\System32\svchost.exe",592,1752,"1472056412.000",we9041srv,5A4C0E82FF95C9FB762D46A696EF9F1B68001C21
"C:\Windows\System32\netsh.exe","C:\Windows\System32\cmd.exe",1872,1288,"1472056410.000",we9041srv,092E4FAC4F217FE84E793DE453351EF7274705DC
"C:\Windows\System32\conhost.exe","C:\Windows\System32\cmd.exe",1872,3740,"1472056410.000",we9041srv,2C6B753628A3AA138AE52357F76AA4D5617D890E
"C:\Windows\System32\cmd.exe","C:\Windows\System32\wbem\WmiPrvSE.exe",3424,1872,"1472056410.000",we9041srv,0C2E3CF2D2F09792960A73DC772A086E99A96764
"C:\Windows\WinSxS\amd64_microsoft-windows-servicingstack_31bf3856ad364e35_6.3.9600.16384_none_fa1dc1539b4180d8\TiWorker.exe","C:\Windows\System32\svchost.exe",592,1988,"1472056410.000",we9041srv,32F7E75039199A36B4FDDD72D7871A47E8518F14
"C:\Windows\servicing\TrustedInstaller.exe","C:\Windows\System32\services.exe",444,3168,"1472056410.000",we9041srv,0DE5DF021187D42B65053DAA7F4550F22C2DBCBF
"C:\Windows\System32\sppsvc.exe","C:\Windows\System32\services.exe",444,3384,"1472056404.000",we9041srv,A6067788861F7395BF600115C02E564D58148903
"C:\Windows\System32\NETSTAT.EXE","C:\Windows\System32\cmd.exe",2800,3800,"1472056402.000",we9041srv,96C61734CA5E903AE7F1A79C94C5830336B9DEBF
"C:\Windows\System32\conhost.exe","C:\Windows\System32\cmd.exe",2800,816,"1472056402.000",we9041srv,2C6B753628A3AA138AE52357F76AA4D5617D890E
"C:\Windows\System32\cmd.exe","C:\Windows\System32\wbem\WmiPrvSE.exe",3424,2800,"1472056402.000",we9041srv,0C2E3CF2D2F09792960A73DC772A086E99A96764
"C:\Windows\System32\wbem\WmiPrvSE.exe","C:\Windows\System32\svchost.exe",592,3424,"1472056401.000",we9041srv,5A4C0E82FF95C9FB762D46A696EF9F1B68001C21
"C:\Windows\System32\wbem\WmiPrvSE.exe","C:\Windows\System32\svchost.exe",592,896,"1472055962.000",we9041srv,5A4C0E82FF95C9FB762D46A696EF9F1B68001C21
"C:\Windows\System32\wbem\WmiPrvSE.exe","C:\Windows\System32\svchost.exe",592,1664,"1472055962.000",we9041srv,5A4C0E82FF95C9FB762D46A696EF9F1B68001C21
"C:\Windows\System32\wbem\WmiPrvSE.exe","C:\Windows\System32\svchost.exe",512,2188,"1472055917.000",we1149srv,5A4C0E82FF95C9FB762D46A696EF9F1B68001C21
"C:\Windows\System32\wbem\WmiPrvSE.exe","C:\Windows\System32\svchost.exe",512,3644,"1472055915.000",we1149srv,5A4C0E82FF95C9FB762D46A696EF9F1B68001C21
"C:\Windows\System32\wbem\WmiPrvSE.exe","C:\Windows\System32\svchost.exe",708,1744,"1472055664.000",we8105desk,9F5A4796B58D8B104A1C0F5A63DAF0032B947966
"C:\Windows\System32\rundll32.exe","C:\Windows\System32\svchost.exe",708,3460,"1472055625.000",we8105desk,963B55ACC8C566876364716D5AAFA353995812A8
"C:\Windows\System32\wermgr.exe","C:\Windows\System32\services.exe",592,3936,"1472055583.000",we8105desk,453263D230C6317EB4A2EB3ACEEEC1BBCF5E153D
"C:\Windows\System32\SearchFilterHost.exe","C:\Windows\System32\SearchIndexer.exe",3280,1280,"1472055490.000",we8105desk,904A3B130E3DB7CEA97F31CC40D64D9026FF6E41
"C:\Windows\System32\SearchProtocolHost.exe","C:\Windows\System32\SearchIndexer.exe",3280,3876,"1472055490.000",we8105desk,A8DCF7D63A8BB5ABEF8787775957A5BB6C0F3F77
"C:\Windows\System32\SearchProtocolHost.exe","C:\Windows\System32\SearchIndexer.exe",3280,984,"1472055315.000",we8105desk,A8DCF7D63A8BB5ABEF8787775957A5BB6C0F3F77
"C:\Windows\System32\SearchFilterHost.exe","C:\Windows\System32\SearchIndexer.exe",3280,2700,"1472055264.000",we8105desk,904A3B130E3DB7CEA97F31CC40D64D9026FF6E41
"C:\Windows\System32\SearchProtocolHost.exe","C:\Windows\System32\SearchIndexer.exe",3280,3668,"1472055160.000",we8105desk,A8DCF7D63A8BB5ABEF8787775957A5BB6C0F3F77
"C:\Windows\System32\SearchFilterHost.exe","C:\Windows\System32\SearchIndexer.exe",3280,1296,"1472055144.000",we8105desk,904A3B130E3DB7CEA97F31CC40D64D9026FF6E41
"C:\Windows\System32\SearchProtocolHost.exe","C:\Windows\System32\SearchIndexer.exe",3280,3676,"1472055024.000",we8105desk,A8DCF7D63A8BB5ABEF8787775957A5BB6C0F3F77
"C:\Windows\System32\SearchFilterHost.exe","C:\Windows\System32\SearchIndexer.exe",3280,1940,"1472055024.000",we8105desk,904A3B130E3DB7CEA97F31CC40D64D9026FF6E41
"C:\Windows\System32\wbem\WMIADAP.exe","C:\Windows\System32\svchost.exe",928,3840,"1472055000.000",we8105desk,B3D339964BFEA63EC9E85EC73B246C4CC1D25F9A
"C:\Windows\System32\wbem\WmiPrvSE.exe","C:\Windows\System32\svchost.exe",708,228,"1472054944.000",we8105desk,9F5A4796B58D8B104A1C0F5A63DAF0032B947966
"C:\Windows\System32\taskhost.exe","C:\Windows\System32\services.exe",592,984,"1472054937.000",we8105desk,61478D71931FB3E304BC341236AB0DB1D6C26E09
"C:\Windows\System32\sdclt.exe","C:\Windows\System32\services.exe",592,2684,"1472054937.000",we8105desk,4B3CBFFF5E57FA0CB058E93E445E3851063646CF
"C:\Program Files (x86)\Common Files\Acronis\SyncAgent\syncagentsrv.exe","C:\Windows\System32\services.exe",592,2108,"1472054896.000",we8105desk,71B03F3B38B31AA8C74BBE15464F0876BDADDB65
"C:\Windows\System32\sppsvc.exe","C:\Windows\System32\services.exe",592,2072,"1472054896.000",we8105desk,C5B437F3965C01936046F9BF7C853F8E363C12AD
"C:\Program Files (x86)\Intel\Intel(R) Management Engine Components\LMS\LMS.exe","C:\Windows\System32\services.exe",592,2436,"1472054896.000",we8105desk,38D9560BE87B17CE883813D17F32254B5068713B
"C:\Windows\System32\SearchProtocolHost.exe","C:\Windows\System32\SearchIndexer.exe",3280,2396,"1472054843.000",we8105desk,A8DCF7D63A8BB5ABEF8787775957A5BB6C0F3F77
"C:\Windows\System32\SearchFilterHost.exe","C:\Windows\System32\SearchIndexer.exe",3280,3796,"1472054842.000",we8105desk,904A3B130E3DB7CEA97F31CC40D64D9026FF6E41
"C:\Windows\System32\SearchProtocolHost.exe","C:\Windows\System32\SearchIndexer.exe",3280,3800,"1472054842.000",we8105desk,A8DCF7D63A8BB5ABEF8787775957A5BB6C0F3F77
"C:\Windows\System32\SearchIndexer.exe","C:\Windows\System32\services.exe",592,3280,"1472054840.000",we8105desk,7BCC04348145501294745D58A2F9F702A76E794F
"C:\Windows\System32\SearchIndexer.exe","C:\Windows\System32\services.exe",592,3188,"1472054809.000",we8105desk,7BCC04348145501294745D58A2F9F702A76E794F
"C:\Program Files (x86)\Microsoft Office\Office14\BCSSync.exe","C:\Windows\SysWOW64\runonce.exe",3724,4072,"1472054805.000",we8105desk,6ABD81A46557F72680EB9E5FC74223B8C9C32088
"C:\Program Files (x86)\Acronis\TrueImageHome\TrueImageMonitor.exe","C:\Windows\SysWOW64\runonce.exe",3724,4056,"1472054805.000",we8105desk,0A183F72725FAAB2E1964CB70446D462DBF2CDFD
"C:\Program Files (x86)\Common Files\Acronis\TibMounter\TibMounterMonitor.exe","C:\Windows\SysWOW64\runonce.exe",3724,4028,"1472054805.000",we8105desk,7BAC978FA228461BB43097B7227BDF80995947A7
"C:\Program Files (x86)\Intel\Intel(R) USB 3.0 eXtensible Host Controller Driver\Application\iusb3mon.exe","C:\Windows\SysWOW64\runonce.exe",3724,4020,"1472054805.000",we8105desk,6F85F86ADF820D16DBEB5D3CA5F66D3989FFF988
"C:\Program Files (x86)\Intel\Intel(R) Integrated Clock Controller Service\ICCProxy.exe","C:\Windows\System32\services.exe",592,3984,"1472054804.000",we8105desk,4E273BD33DDE66BA481A0F79DFC89F7D7AE5F905
"C:\Windows\System32\dllhost.exe","C:\Windows\System32\svchost.exe",708,3796,"1472054804.000",we8105desk,E977B87698C3E595D55827665E22FBF788DD3F9F
"C:\Windows\SysWOW64\dllhost.exe","C:\Windows\System32\svchost.exe",708,3784,"1472054804.000",we8105desk,ACE762C51DB1908C858C898D7E0F9B36F788D2D9
"C:\Windows\SysWOW64\runonce.exe","C:\Windows\explorer.exe",3496,3724,"1472054804.000",we8105desk,01D5C03BE3573D32ED6F0754B903A0C0B05825DB
"C:\Program Files (x86)\Common Files\Acronis\Schedule2\schedhlp.exe","C:\Windows\explorer.exe",3496,3696,"1472054804.000",we8105desk,25029943FC6159AFC4329108A1CD0F2408D183DC
"C:\Program Files\Boot Camp\Bootcamp.exe","C:\Windows\explorer.exe",3496,3688,"1472054804.000",we8105desk,B2502462F088D225E11E405678210527E2086EF1
"C:\Windows\System32\igfxpers.exe","C:\Windows\explorer.exe",3496,3640,"1472054804.000",we8105desk,0EF5A0343F128D93C5A0E9A6B9AA0D6CC90E2FAC
"C:\Windows\System32\hkcmd.exe","C:\Windows\explorer.exe",3496,3608,"1472054804.000",we8105desk,F2B59D7C60ED417CC9BCB2111B6B3269A319C627
"C:\Windows\System32\igfxsrvc.exe","C:\Windows\System32\svchost.exe",708,3632,"1472054804.000",we8105desk,4247B629A9124E3942813C49F21F3487394B4057
"C:\Windows\System32\igfxtray.exe","C:\Windows\explorer.exe",3496,3596,"1472054803.000",we8105desk,4A0CED3DA453B050ACE9C36CB7C78C53F292D15A
"C:\Windows\explorer.exe","C:\Windows\System32\userinit.exe",3372,3496,"1472054802.000",we8105desk,4583DAF9442880204730FB2C8A060430640494B1
"C:\Windows\System32\dwm.exe","C:\Windows\System32\svchost.exe",896,3412,"1472054802.000",we8105desk,35BC294B7E1F062EF5CB5FA1BD3FC942A3E37AE2
"C:\Windows\System32\userinit.exe","C:\Windows\System32\winlogon.exe",364,3372,"1472054802.000",we8105desk,47267F943F060E36604D56C8895A6EECE063D9A1
"C:\Windows\System32\taskhost.exe","C:\Windows\System32\services.exe",592,3312,"1472054802.000",we8105desk,61478D71931FB3E304BC341236AB0DB1D6C26E09
"C:\Windows\System32\dllhost.exe","C:\Windows\System32\svchost.exe",708,3276,"1472054802.000",we8105desk,E977B87698C3E595D55827665E22FBF788DD3F9F
"C:\Windows\System32\svchost.exe","C:\Windows\System32\services.exe",592,3080,"1472054780.000",we8105desk,619652B42AFE5FB0E3719D7AEDA7A5494AB193E8
"C:\Windows\System32\taskhost.exe","C:\Windows\System32\services.exe",592,2192,"1472054776.000",we8105desk,61478D71931FB3E304BC341236AB0DB1D6C26E09
"C:\Windows\System32\WUDFHost.exe","C:\Windows\System32\svchost.exe",896,2908,"1472054775.000",we8105desk,8B7D36727102468AA5EF760D565C34E9E56D9D8F
"C:\Windows\System32\svchost.exe","C:\Windows\System32\services.exe",592,2956,"1472054775.000",we8105desk,619652B42AFE5FB0E3719D7AEDA7A5494AB193E8
"C:\Windows\System32\svchost.exe","C:\Windows\System32\services.exe",592,2868,"1472054775.000",we8105desk,619652B42AFE5FB0E3719D7AEDA7A5494AB193E8
"C:\Windows\System32\svchost.exe","C:\Windows\System32\services.exe",592,2796,"1472054775.000",we8105desk,619652B42AFE5FB0E3719D7AEDA7A5494AB193E8
"C:\Windows\System32\cmd.exe","C:\Program Files\SplunkUniversalForwarder\bin\splunkd.exe",1792,2500,"1472054768.000",we8105desk,0F3C4FF28F354AEDE202D54E9D1C5529A3BF87D8
"C:\Windows\System32\cmd.exe","C:\Program Files\SplunkUniversalForwarder\bin\splunkd.exe",1792,1412,"1472054768.000",we8105desk,0F3C4FF28F354AEDE202D54E9D1C5529A3BF87D8
"C:\Windows\System32\cmd.exe","C:\Program Files\SplunkUniversalForwarder\bin\splunkd.exe",1792,2244,"1472054768.000",we8105desk,0F3C4FF28F354AEDE202D54E9D1C5529A3BF87D8
"C:\Windows\System32\cmd.exe","C:\Program Files\SplunkUniversalForwarder\bin\splunkd.exe",1792,2260,"1472054767.000",we8105desk,0F3C4FF28F354AEDE202D54E9D1C5529A3BF87D8
"C:\Windows\System32\cmd.exe","C:\Program Files\SplunkUniversalForwarder\bin\splunkd.exe",1792,1268,"1472054767.000",we8105desk,0F3C4FF28F354AEDE202D54E9D1C5529A3BF87D8
"C:\Windows\System32\cmd.exe","C:\Program Files\SplunkUniversalForwarder\bin\splunkd.exe",1792,1260,"1472054767.000",we8105desk,0F3C4FF28F354AEDE202D54E9D1C5529A3BF87D8
"C:\Windows\System32\cmd.exe","C:\Program Files\SplunkUniversalForwarder\bin\splunkd.exe",1792,2228,"1472054767.000",we8105desk,0F3C4FF28F354AEDE202D54E9D1C5529A3BF87D8
"C:\Windows\System32\cmd.exe","C:\Program Files\SplunkUniversalForwarder\bin\splunkd.exe",1792,1724,"1472054767.000",we8105desk,0F3C4FF28F354AEDE202D54E9D1C5529A3BF87D8
"C:\Windows\System32\cmd.exe","C:\Program Files\SplunkUniversalForwarder\bin\splunkd.exe",1792,908,"1472054767.000",we8105desk,0F3C4FF28F354AEDE202D54E9D1C5529A3BF87D8
"C:\Windows\System32\cmd.exe","C:\Program Files\SplunkUniversalForwarder\bin\splunkd.exe",1792,1492,"1472054767.000",we8105desk,0F3C4FF28F354AEDE202D54E9D1C5529A3BF87D8
"C:\Windows\System32\cmd.exe","C:\Program Files\SplunkUniversalForwarder\bin\splunkd.exe",1792,3064,"1472054766.000",we8105desk,0F3C4FF28F354AEDE202D54E9D1C5529A3BF87D8
"C:\Windows\System32\cmd.exe","C:\Program Files\SplunkUniversalForwarder\bin\splunk.exe",2452,3020,"1472054766.000",we8105desk,0F3C4FF28F354AEDE202D54E9D1C5529A3BF87D8
"C:\Windows\System32\cmd.exe","C:\Program Files\SplunkUniversalForwarder\bin\splunk.exe",2452,2976,"1472054766.000",we8105desk,0F3C4FF28F354AEDE202D54E9D1C5529A3BF87D8
"C:\Windows\System32\cscript.exe","C:\Program Files (x86)\Common Files\Acronis\Infrastructure\mms_mini.exe",1692,2788,"1472054763.000",we8105desk,70096A77E202CF9F30C064956F36D14BCBD8F7BB
"C:\Windows\System32\cscript.exe","C:\Program Files (x86)\Common Files\Acronis\Infrastructure\mms_mini.exe",1692,2744,"1472054763.000",we8105desk,70096A77E202CF9F30C064956F36D14BCBD8F7BB
"C:\Windows\System32\wbem\WmiPrvSE.exe","C:\Windows\System32\svchost.exe",708,2708,"1472054763.000",we8105desk,9F5A4796B58D8B104A1C0F5A63DAF0032B947966
"C:\Windows\SysWOW64\wbem\WmiPrvSE.exe","C:\Windows\System32\svchost.exe",708,2664,"1472054763.000",we8105desk,8BF1819659B79D10121294F37F7D9CF7D95559C1
"C:\Windows\System32\cscript.exe","C:\Program Files (x86)\Common Files\Acronis\Infrastructure\mms_mini.exe",1692,2624,"1472054763.000",we8105desk,70096A77E202CF9F30C064956F36D14BCBD8F7BB
"C:\Windows\System32\cmd.exe","C:\Program Files\SplunkUniversalForwarder\bin\splunkd.exe",1792,2444,"1472054761.000",we8105desk,0F3C4FF28F354AEDE202D54E9D1C5529A3BF87D8
"C:\Windows\System32\wbem\WmiPrvSE.exe","C:\Windows\System32\svchost.exe",708,2388,"1472054761.000",we8105desk,9F5A4796B58D8B104A1C0F5A63DAF0032B947966
"C:\Windows\System32\wbem\WmiPrvSE.exe","C:\Windows\System32\svchost.exe",708,2296,"1472054761.000",we8105desk,9F5A4796B58D8B104A1C0F5A63DAF0032B947966
"C:\Windows\System32\cmd.exe","C:\Program Files\SplunkUniversalForwarder\bin\splunk.exe",1412,2236,"1472054761.000",we8105desk,0F3C4FF28F354AEDE202D54E9D1C5529A3BF87D8
"C:\Windows\System32\cmd.exe","C:\Program Files\SplunkUniversalForwarder\bin\splunk.exe",1412,2196,"1472054760.000",we8105desk,0F3C4FF28F354AEDE202D54E9D1C5529A3BF87D8
"C:\Windows\System32\cmd.exe","C:\Program Files\SplunkUniversalForwarder\bin\splunk.exe",1412,1472,"1472054760.000",we8105desk,0F3C4FF28F354AEDE202D54E9D1C5529A3BF87D8
"C:\Windows\Sysmon.exe","C:\Windows\System32\services.exe",592,1216,"1472054760.000",we8105desk,8803A9419F84ED2CD704F14E0335E446D4DF9EEC
"C:\Windows\System32\cmd.exe","C:\Program Files\SplunkUniversalForwarder\bin\splunkd.exe",1792,1168,"1472054760.000",we8105desk,0F3C4FF28F354AEDE202D54E9D1C5529A3BF87D8
"C:\Windows\System32\conhost.exe","C:\Windows\System32\csrss.exe",440,536,"1472054760.000",we8105desk,680DEC0F8907F4B8911FBE2AA5F2FD25425BE0B0
"C:\Windows\System32\conhost.exe","C:\Windows\System32\csrss.exe",440,1920,"1472054760.000",we8105desk,680DEC0F8907F4B8911FBE2AA5F2FD25425BE0B0
"C:\Windows\System32\cmd.exe","C:\Program Files\SplunkUniversalForwarder\bin\splunkd.exe",1792,1912,"1472054760.000",we8105desk,0F3C4FF28F354AEDE202D54E9D1C5529A3BF87D8
"C:\Program Files (x86)\Common Files\Acronis\Infrastructure\mms_mini.exe","C:\Windows\System32\services.exe",592,1692,"1472054760.000",we8105desk,6EBC367839EF31A3A7F598C151188C544B399EE9
"C:\Windows\System32\AppleTimeSrv.exe","C:\Windows\System32\services.exe",592,1640,"1472054760.000",we8105desk,F22337EBC12D593767D9C9D19F78EBE4FA622EAD
"C:\Windows\System32\AppleOSSMgr.exe","C:\Windows\System32\services.exe",592,1612,"1472054760.000",we8105desk,E2BBC38C5FB62C37DB8D4C34D5BB19948949C7CD
"C:\Program Files (x86)\Common Files\Acronis\CDP\afcdpsrv.exe","C:\Windows\System32\services.exe",592,1552,"1472054760.000",we8105desk,812417622FED37E7162FF64BA47C148110543618
"C:\Program Files (x86)\Common Files\Acronis\Schedule2\schedul2.exe","C:\Windows\System32\services.exe",592,1500,"1472054760.000",we8105desk,95359CB5E42A0EDE2CA92111AA321DBD112EEDE1
"C:\Windows\System32\svchost.exe","C:\Windows\System32\services.exe",592,1392,"1472054760.000",we8105desk,619652B42AFE5FB0E3719D7AEDA7A5494AB193E8
"C:\Windows\System32\spoolsv.exe","C:\Windows\System32\services.exe",592,1356,"1472054760.000",we8105desk,CD2E082E8022F25747730A397C3D445A7F9330DF
"C:\Windows\System32\svchost.exe","C:\Windows\System32\services.exe",592,1148,"1472054760.000",we8105desk,619652B42AFE5FB0E3719D7AEDA7A5494AB193E8
"C:\Windows\System32\WUDFHost.exe","C:\Windows\System32\svchost.exe",896,1040,"1472054760.000",we8105desk,8B7D36727102468AA5EF760D565C34E9E56D9D8F
"C:\Windows\System32\LogonUI.exe","C:\Windows\System32\winlogon.exe",364,956,"1472054760.000",we8105desk,F5778343588DF78FDD55C9CFCD49E5F39F959DD9
"C:\Windows\System32\svchost.exe","C:\Windows\System32\services.exe",592,472,"1472054760.000",we8105desk,619652B42AFE5FB0E3719D7AEDA7A5494AB193E8
"C:\Windows\System32\winlogon.exe","C:\Windows\System32\smss.exe",532,364,"1472054760.000",we8105desk,434856B834BAF163C5EA4D26434EEAE775A507FB
"C:\Windows\System32\audiodg.exe","C:\Windows\System32\svchost.exe",860,992,"1472054760.000",we8105desk,F033FD30AACD0183BFC30861891A92B56AC2468B
"C:\Windows\System32\svchost.exe","C:\Windows\System32\services.exe",592,928,"1472054760.000",we8105desk,619652B42AFE5FB0E3719D7AEDA7A5494AB193E8
"C:\Windows\System32\svchost.exe","C:\Windows\System32\services.exe",592,896,"1472054760.000",we8105desk,619652B42AFE5FB0E3719D7AEDA7A5494AB193E8
"C:\Windows\System32\svchost.exe","C:\Windows\System32\services.exe",592,860,"1472054760.000",we8105desk,619652B42AFE5FB0E3719D7AEDA7A5494AB193E8
"C:\Windows\System32\svchost.exe","C:\Windows\System32\services.exe",592,796,"1472054760.000",we8105desk,619652B42AFE5FB0E3719D7AEDA7A5494AB193E8
"C:\Windows\System32\svchost.exe","C:\Windows\System32\services.exe",592,708,"1472054760.000",we8105desk,619652B42AFE5FB0E3719D7AEDA7A5494AB193E8
"C:\Windows\System32\lsm.exe","C:\Windows\System32\wininit.exe",524,616,"1472054760.000",we8105desk,6766228926EB48344451737C61D0E05DBE390591
"C:\Windows\System32\lsass.exe","C:\Windows\System32\wininit.exe",524,608,"1472054760.000",we8105desk,C07B7690AE9E48908112EF554066CDF2DE190324
"C:\Windows\System32\services.exe","C:\Windows\System32\wininit.exe",524,592,"1472054760.000",we8105desk,A5B16A7D28D2BA79A9CCFC16ED480AD75A757166
"C:\Windows\System32\csrss.exe","C:\Windows\System32\smss.exe",532,544,"1472054760.000",we8105desk,17542707A3D9FA13C569450FD978272EF7070A77
"C:\Windows\System32\wininit.exe","C:\Windows\System32\smss.exe",428,524,"1472054760.000",we8105desk,2DE5C051C0D7D8BCC14B1CA46BE8AB9756F29320
"C:\Windows\System32\smss.exe","C:\Windows\System32\smss.exe",324,532,"1472054760.000",we8105desk,3513DED20BCD0D7811EEA4BE8D6B446E0C81F527
"C:\Windows\System32\csrss.exe","C:\Windows\System32\smss.exe",428,440,"1472054760.000",we8105desk,17542707A3D9FA13C569450FD978272EF7070A77
"C:\Windows\System32\smss.exe","C:\Windows\System32\smss.exe",324,428,"1472054760.000",we8105desk,3513DED20BCD0D7811EEA4BE8D6B446E0C81F527
"C:\Windows\System32\autochk.exe","C:\Windows\System32\smss.exe",324,336,"1472054760.000",we8105desk,A017204D7E47BC183D81DCABF047DEA32B120343
"C:\Windows\System32\smss.exe",System,4,324,"1472054760.000",we8105desk,3513DED20BCD0D7811EEA4BE8D6B446E0C81F527
"C:\Windows\SysWOW64\dllhost.exe","C:\Windows\System32\svchost.exe",700,2308,"1472053494.000",we8105desk,ACE762C51DB1908C858C898D7E0F9B36F788D2D9
"C:\Windows\System32\rundll32.exe","C:\Windows\System32\svchost.exe",700,904,"1472053494.000",we8105desk,963B55ACC8C566876364716D5AAFA353995812A8
"C:\Windows\System32\VSSVC.exe","C:\Windows\System32\services.exe",584,2640,"1472053491.000",we8105desk,1D6F5A5DE7154B75144C6A033C36FD86FF2BBE9B
"C:\Program Files (x86)\Common Files\Acronis\VssRequestor64\vss_requestor.exe","C:\Windows\System32\svchost.exe",700,940,"1472053490.000",we8105desk,B51DF1217E140735711E6E0C771A3B5D7724E655
"C:\Windows\System32\wermgr.exe","C:\Windows\System32\services.exe",584,4304,"1472053173.000",we8105desk,453263D230C6317EB4A2EB3ACEEEC1BBCF5E153D
