"_time",host,Image,Name,extension,TargetFilename,EventCode
"2017-05-22T04:36:54.000+0000","bob-PC","C:\ProgramData\wnlvipnvf933\tasksche.exe",WannaCry,".WNCRYT","C:\Users\bob\Downloads\add-on-for-microsoft-sysmon_600\add-on-for-microsoft-sysmon_600\TA-microsoft-sysmon\lookups\eventcode.csv.WNCRYT",2
"2017-05-22T04:36:54.000+0000","bob-PC","C:\ProgramData\wnlvipnvf933\tasksche.exe",WannaCry,".WNCRYT","C:\Users\bob\AppData\Roaming\Microsoft\Windows\Cookies\Low\bob@youtube[1].txt.WNCRYT",2
"2017-05-22T04:36:54.000+0000","bob-PC","C:\ProgramData\wnlvipnvf933\tasksche.exe",WannaCry,".WNCRYT","C:\Users\bob\AppData\Roaming\Microsoft\Windows\Cookies\Low\bob@www.msn[2].txt.WNCRYT",2
"2017-05-22T04:36:54.000+0000","bob-PC","C:\ProgramData\wnlvipnvf933\tasksche.exe",WannaCry,".WNCRYT","C:\Users\bob\AppData\Roaming\Microsoft\Windows\Cookies\Low\bob@www.linkedin[1].txt.WNCRYT",2
"2017-05-22T04:36:54.000+0000","bob-PC","C:\ProgramData\wnlvipnvf933\tasksche.exe",WannaCry,".WNCRYT","C:\Users\bob\AppData\Roaming\Microsoft\Windows\Cookies\Low\bob@www.googleadservices[2].txt.WNCRYT",2
"2017-05-22T04:36:54.000+0000","bob-PC","C:\ProgramData\wnlvipnvf933\tasksche.exe",WannaCry,".WNCRYT","C:\Users\bob\AppData\Roaming\Microsoft\Windows\Cookies\Low\bob@www.bing[1].txt.WNCRYT",2
"2017-05-22T04:36:54.000+0000","bob-PC","C:\ProgramData\wnlvipnvf933\tasksche.exe",WannaCry,".WNCRYT","C:\Users\bob\AppData\Roaming\Microsoft\Windows\Cookies\Low\bob@scorecardresearch[2].txt.WNCRYT",2
"2017-05-22T04:36:54.000+0000","bob-PC","C:\ProgramData\wnlvipnvf933\tasksche.exe",WannaCry,".WNCRYT","C:\Users\bob\AppData\Roaming\Microsoft\Windows\Cookies\Low\bob@msn[1].txt.WNCRYT",2
"2017-05-22T04:36:54.000+0000","bob-PC","C:\ProgramData\wnlvipnvf933\tasksche.exe",WannaCry,".WNCRYT","C:\Users\bob\AppData\Roaming\Microsoft\Windows\Cookies\Low\bob@microsoft[2].txt.WNCRYT",2
"2017-05-22T04:36:54.000+0000","bob-PC","C:\ProgramData\wnlvipnvf933\tasksche.exe",WannaCry,".WNCRYT","C:\Users\bob\AppData\Roaming\Microsoft\Windows\Cookies\Low\bob@linkedin[2].txt.WNCRYT",2
"2017-05-22T04:36:54.000+0000","bob-PC","C:\ProgramData\wnlvipnvf933\tasksche.exe",WannaCry,".WNCRYT","C:\Users\bob\AppData\Roaming\Microsoft\Windows\Cookies\Low\bob@google[5].txt.WNCRYT",2
"2017-05-22T04:36:54.000+0000","bob-PC","C:\ProgramData\wnlvipnvf933\tasksche.exe",WannaCry,".WNCRYT","C:\Users\bob\AppData\Roaming\Microsoft\Windows\Cookies\Low\bob@google[3].txt.WNCRYT",2
"2017-05-22T04:36:54.000+0000","bob-PC","C:\ProgramData\wnlvipnvf933\tasksche.exe",WannaCry,".WNCRYT","C:\Users\bob\AppData\Roaming\Microsoft\Windows\Cookies\Low\bob@google[2].txt.WNCRYT",2
"2017-05-22T04:36:54.000+0000","bob-PC","C:\ProgramData\wnlvipnvf933\tasksche.exe",WannaCry,".WNCRYT","C:\Users\bob\AppData\Roaming\Microsoft\Windows\Cookies\Low\bob@google[1].txt.WNCRYT",2
"2017-05-22T04:36:54.000+0000","bob-PC","C:\ProgramData\wnlvipnvf933\tasksche.exe",WannaCry,".WNCRYT","C:\Users\bob\AppData\Roaming\Microsoft\Windows\Cookies\Low\bob@doubleclick[2].txt.WNCRYT",2
"2017-05-22T04:36:54.000+0000","bob-PC","C:\ProgramData\wnlvipnvf933\tasksche.exe",WannaCry,".WNCRYT","C:\Users\bob\AppData\Roaming\Microsoft\Windows\Cookies\Low\bob@c1.microsoft[1].txt.WNCRYT",2
"2017-05-22T04:36:54.000+0000","bob-PC","C:\ProgramData\wnlvipnvf933\tasksche.exe",WannaCry,".WNCRYT","C:\Users\bob\AppData\Roaming\Microsoft\Windows\Cookies\Low\bob@c.msn[2].txt.WNCRYT",2
"2017-05-22T04:36:54.000+0000","bob-PC","C:\ProgramData\wnlvipnvf933\tasksche.exe",WannaCry,".WNCRYT","C:\Users\bob\AppData\Roaming\Microsoft\Windows\Cookies\Low\bob@c.bing[2].txt.WNCRYT",2
"2017-05-22T04:36:54.000+0000","bob-PC","C:\ProgramData\wnlvipnvf933\tasksche.exe",WannaCry,".WNCRYT","C:\Users\bob\AppData\Roaming\Microsoft\Windows\Cookies\Low\bob@bing[1].txt.WNCRYT",2
"2017-05-22T04:36:54.000+0000","bob-PC","C:\ProgramData\wnlvipnvf933\tasksche.exe",WannaCry,".WNCRYT","C:\Users\bob\AppData\Roaming\Microsoft\Windows\Cookies\Low\bob@atwola[1].txt.WNCRYT",2
"2017-05-22T04:36:54.000+0000","bob-PC","C:\ProgramData\wnlvipnvf933\tasksche.exe",WannaCry,".WNCRYT","C:\Users\bob\AppData\Roaming\Microsoft\Windows\Cookies\Low\bob@at.atwola[1].txt.WNCRYT",2
"2017-05-22T04:36:54.000+0000","bob-PC","C:\ProgramData\wnlvipnvf933\tasksche.exe",WannaCry,".WNCRYT","C:\Users\bob\AppData\Roaming\Microsoft\Windows\Cookies\Low\bob@api.bing[2].txt.WNCRYT",2
"2017-05-22T04:36:54.000+0000","bob-PC","C:\ProgramData\wnlvipnvf933\tasksche.exe",WannaCry,".WNCRYT","C:\Users\bob\AppData\Roaming\Microsoft\Windows\Cookies\Low\bob@advertising[2].txt.WNCRYT",2
"2017-05-22T04:36:54.000+0000","bob-PC","C:\ProgramData\wnlvipnvf933\tasksche.exe",WannaCry,".WNCRYT","C:\Users\bob\AppData\Roaming\Microsoft\Windows\Cookies\Low\bob@adnxs[2].txt.WNCRYT",2
"2017-05-22T04:36:54.000+0000","bob-PC","C:\ProgramData\wnlvipnvf933\tasksche.exe",WannaCry,".WNCRYT","C:\Users\bob\AppData\Local\Microsoft\Windows\Explorer\thumbcache_sr.db.WNCRYT",2
"2017-05-22T04:36:54.000+0000","bob-PC","C:\ProgramData\wnlvipnvf933\tasksche.exe",WannaCry,".WNCRYT","C:\Users\bob\AppData\Local\Microsoft\Windows\Explorer\thumbcache_1024.db.WNCRYT",2
"2017-05-22T04:36:54.000+0000","bob-PC","C:\ProgramData\wnlvipnvf933\tasksche.exe",WannaCry,".WNCRYT","C:\ProgramData\Microsoft\Windows\WER\ReportQueue\NonCritical_0_28f4e16149fa7fd7a16a4ec2db742327ef0383d_cab_041043eb\client_manifest.txt.WNCRYT",2
"2017-05-22T04:36:54.000+0000","bob-PC","C:\ProgramData\wnlvipnvf933\tasksche.exe",WannaCry,".WNCRYT","C:\sysmon\Stream\Splunk_TA_stream\ui\images\ajax-loader.gif.WNCRYT",2
"2017-05-22T04:36:54.000+0000","bob-PC","C:\ProgramData\wnlvipnvf933\tasksche.exe",WannaCry,".WNCRYT","C:\sysmon\Stream\Splunk_TA_stream\ui\css\images\ui-bg_highlight-soft_75_cccccc_1x100.png.WNCRYT",2
"2017-05-22T04:36:54.000+0000","bob-PC","C:\ProgramData\wnlvipnvf933\tasksche.exe",WannaCry,".WNCRYT","C:\sysmon\Stream\Splunk_TA_stream\ui\css\images\ui-bg_glass_95_fef1ec_1x400.png.WNCRYT",2
"2017-05-22T04:36:54.000+0000","bob-PC","C:\ProgramData\wnlvipnvf933\tasksche.exe",WannaCry,".WNCRYT","C:\sysmon\Stream\Splunk_TA_stream\ui\css\images\ui-bg_glass_75_e6e6e6_1x400.png.WNCRYT",2
"2017-05-22T04:36:54.000+0000","bob-PC","C:\ProgramData\wnlvipnvf933\tasksche.exe",WannaCry,".WNCRYT","C:\sysmon\Stream\Splunk_TA_stream\ui\css\images\ui-bg_glass_75_dadada_1x400.png.WNCRYT",2
"2017-05-22T04:36:54.000+0000","bob-PC","C:\ProgramData\wnlvipnvf933\tasksche.exe",WannaCry,".WNCRYT","C:\sysmon\Stream\Splunk_TA_stream\ui\css\images\ui-bg_glass_65_ffffff_1x400.png.WNCRYT",2
"2017-05-22T04:36:54.000+0000","bob-PC","C:\ProgramData\wnlvipnvf933\tasksche.exe",WannaCry,".WNCRYT","C:\sysmon\Stream\Splunk_TA_stream\ui\css\images\ui-bg_glass_55_fbf9ee_1x400.png.WNCRYT",2
"2017-05-22T04:36:54.000+0000","bob-PC","C:\ProgramData\wnlvipnvf933\tasksche.exe",WannaCry,".WNCRYT","C:\sysmon\Stream\Splunk_TA_stream\ui\css\images\ui-bg_flat_75_ffffff_40x100.png.WNCRYT",2
"2017-05-22T04:36:54.000+0000","bob-PC","C:\ProgramData\wnlvipnvf933\tasksche.exe",WannaCry,".WNCRYT","C:\sysmon\Stream\Splunk_TA_stream\ui\css\images\ui-bg_flat_0_aaaaaa_40x100.png.WNCRYT",2
"2017-05-22T04:36:54.000+0000","bob-PC","C:\ProgramData\wnlvipnvf933\tasksche.exe",WannaCry,".WNCRYT","C:\sysmon\Stream\Splunk_TA_stream\lookups\stream_app_lookup.csv.WNCRYT",2
"2017-05-22T04:36:54.000+0000","bob-PC","C:\ProgramData\wnlvipnvf933\tasksche.exe",WannaCry,".WNCRYT","C:\sysmon\Stream\Splunk_TA_stream\README.txt.WNCRYT",2
"2017-05-22T04:36:54.000+0000","bob-PC","C:\ProgramData\wnlvipnvf933\tasksche.exe",WannaCry,".WNCRYT","C:\Users\bob\Downloads\add-on-for-microsoft-sysmon_600\add-on-for-microsoft-sysmon_600.tar.WNCRYT",2
"2017-05-22T04:36:54.000+0000","bob-PC","C:\ProgramData\wnlvipnvf933\tasksche.exe",WannaCry,".WNCRYT","C:\Users\bob\Downloads\Sysmon.zip.WNCRYT",2
"2017-05-22T04:36:54.000+0000","bob-PC","C:\ProgramData\wnlvipnvf933\tasksche.exe",WannaCry,".WNCRYT","C:\Users\bob\Downloads\add-on-for-microsoft-sysmon_600.tgz.WNCRYT",2
"2017-05-22T04:36:54.000+0000","bob-PC","C:\ProgramData\wnlvipnvf933\tasksche.exe",WannaCry,".WNCRYT","C:\Users\bob\AppData\Local\Microsoft\Windows\Explorer\thumbcache_idx.db.WNCRYT",2
"2017-05-22T04:36:54.000+0000","bob-PC","C:\ProgramData\wnlvipnvf933\tasksche.exe",WannaCry,".WNCRYT","C:\Users\bob\AppData\Local\Microsoft\Windows\Explorer\thumbcache_96.db.WNCRYT",2
"2017-05-22T04:36:54.000+0000","bob-PC","C:\ProgramData\wnlvipnvf933\tasksche.exe",WannaCry,".WNCRYT","C:\Users\bob\AppData\Local\Microsoft\Windows\Explorer\thumbcache_32.db.WNCRYT",2
"2017-05-22T04:36:54.000+0000","bob-PC","C:\ProgramData\wnlvipnvf933\tasksche.exe",WannaCry,".WNCRYT","C:\Users\bob\AppData\Local\Microsoft\Windows\Explorer\thumbcache_256.db.WNCRYT",2
"2017-05-22T04:36:54.000+0000","bob-PC","C:\ProgramData\wnlvipnvf933\tasksche.exe",WannaCry,".WNCRYT","C:\Users\bob\AppData\Local\Microsoft\Windows\Caches\{AFBF9F1A-8EE8-4C77-AF34-C647E37CA0D9}.1.ver0x0000000000000003.db.WNCRYT",2
"2017-05-22T04:36:54.000+0000","bob-PC","C:\ProgramData\wnlvipnvf933\tasksche.exe",WannaCry,".WNCRYT","C:\Users\bob\AppData\Local\Microsoft\Windows\Caches\{AFBF9F1A-8EE8-4C77-AF34-C647E37CA0D9}.1.ver0x0000000000000002.db.WNCRYT",2
"2017-05-22T04:36:54.000+0000","bob-PC","C:\ProgramData\wnlvipnvf933\tasksche.exe",WannaCry,".WNCRYT","C:\Users\bob\AppData\Local\Microsoft\Windows\Caches\cversions.1.db.WNCRYT",2
"2017-05-22T04:36:53.000+0000","bob-PC","C:\ProgramData\wnlvipnvf933\tasksche.exe",WannaCry,".WNCRYT","C:\Users\bob\AppData\Local\IconCache.db.WNCRYT",2
"2017-05-22T04:36:53.000+0000","bob-PC","C:\ProgramData\wnlvipnvf933\tasksche.exe",WannaCry,".WNCRYT","C:\ProgramData\Microsoft\Windows\Caches\{DDF571F2-BE98-426D-8288-1A9A39C3FDA2}.2.ver0x0000000000000001.db.WNCRYT",2
"2017-05-22T04:36:53.000+0000","bob-PC","C:\ProgramData\wnlvipnvf933\tasksche.exe",WannaCry,".WNCRYT","C:\ProgramData\Microsoft\Windows\Caches\{9B1553D2-7743-4D03-B854-0005276C2B72}.2.ver0x0000000000000001.db.WNCRYT",2
"2017-05-22T04:36:53.000+0000","bob-PC","C:\ProgramData\wnlvipnvf933\tasksche.exe",WannaCry,".WNCRYT","C:\ProgramData\Microsoft\Windows\Caches\{6AF0698E-D558-4F6E-9B3C-3716689AF493}.2.ver0x0000000000000004.db.WNCRYT",2
"2017-05-22T04:36:53.000+0000","bob-PC","C:\ProgramData\wnlvipnvf933\tasksche.exe",WannaCry,".WNCRYT","C:\ProgramData\Microsoft\Windows\Caches\{6AF0698E-D558-4F6E-9B3C-3716689AF493}.2.ver0x0000000000000001.db.WNCRYT",2
"2017-05-22T04:36:53.000+0000","bob-PC","C:\ProgramData\wnlvipnvf933\tasksche.exe",WannaCry,".WNCRYT","C:\ProgramData\Microsoft\Windows\Caches\cversions.2.db.WNCRYT",2
"2017-05-22T04:36:53.000+0000","bob-PC","C:\ProgramData\wnlvipnvf933\tasksche.exe",WannaCry,".WNCRYT","C:\sysmon\Stream\Splunk_TA_stream\ui\js\underscore.min.js.WNCRYT",2
"2017-05-22T04:36:53.000+0000","bob-PC","C:\ProgramData\wnlvipnvf933\tasksche.exe",WannaCry,".WNCRYT","C:\sysmon\Stream\Splunk_TA_stream\ui\js\jquery.min.js.WNCRYT",2
"2017-05-22T04:36:53.000+0000","bob-PC","C:\ProgramData\wnlvipnvf933\tasksche.exe",WannaCry,".WNCRYT","C:\sysmon\Stream\Splunk_TA_stream\ui\js\jquery-ui.min.js.WNCRYT",2
"2017-05-22T04:36:53.000+0000","bob-PC","C:\ProgramData\wnlvipnvf933\tasksche.exe",WannaCry,".WNCRYT","C:\sysmon\Stream\Splunk_TA_stream\ui\css\images\ui-icons_cd0a0a_256x240.png.WNCRYT",2
"2017-05-22T04:36:53.000+0000","bob-PC","C:\ProgramData\wnlvipnvf933\tasksche.exe",WannaCry,".WNCRYT","C:\sysmon\Stream\Splunk_TA_stream\ui\css\images\ui-icons_888888_256x240.png.WNCRYT",2
"2017-05-22T04:36:53.000+0000","bob-PC","C:\ProgramData\wnlvipnvf933\tasksche.exe",WannaCry,".WNCRYT","C:\sysmon\Stream\Splunk_TA_stream\ui\css\images\ui-icons_454545_256x240.png.WNCRYT",2
"2017-05-22T04:36:53.000+0000","bob-PC","C:\ProgramData\wnlvipnvf933\tasksche.exe",WannaCry,".WNCRYT","C:\sysmon\Stream\Splunk_TA_stream\ui\css\images\ui-icons_2e83ff_256x240.png.WNCRYT",2
"2017-05-22T04:36:53.000+0000","bob-PC","C:\ProgramData\wnlvipnvf933\tasksche.exe",WannaCry,".WNCRYT","C:\sysmon\Stream\Splunk_TA_stream\ui\css\images\ui-icons_222222_256x240.png.WNCRYT",2
"2017-05-22T04:36:53.000+0000","bob-PC","C:\ProgramData\wnlvipnvf933\tasksche.exe",WannaCry,".WNCRYT","C:\sysmon\Stream\Splunk_TA_stream\local\keystore.db.WNCRYT",2
"2017-05-22T04:36:53.000+0000","bob-PC","C:\ProgramData\wnlvipnvf933\tasksche.exe",WannaCry,".WNCRYT","C:\sysmon\Stream\Splunk_TA_stream\set_permissions.sh.WNCRYT",2
"2017-05-22T04:36:53.000+0000","bob-PC","C:\ProgramData\wnlvipnvf933\tasksche.exe",WannaCry,".WNCRYT","C:\sysmon\sysmon_4.zip.WNCRYT",2
"2017-05-22T04:36:53.000+0000","bob-PC","C:\ProgramData\wnlvipnvf933\tasksche.exe",WannaCry,".WNCRYT","C:\inetpub\wwwroot\welcome.png.WNCRYT",2
"2017-05-22T04:36:53.000+0000","bob-PC","C:\ProgramData\wnlvipnvf933\tasksche.exe",WannaCry,".WNCRYT","C:\inetpub\custerr\en-US\500-100.asp.WNCRYT",2
"2017-05-22T04:36:53.000+0000","bob-PC","C:\ProgramData\wnlvipnvf933\tasksche.exe",WannaCry,".WNCRYT","C:\inetpub\AdminScripts\adsutil.vbs.WNCRYT",2
"2017-05-22T04:36:51.000+0000","bob-PC","C:\ProgramData\wnlvipnvf933\tasksche.exe",WannaCry,".WNCRYT","C:\Users\bob\Downloads\Sysmon\Eula.txt.WNCRYT",2
"2017-05-22T04:36:51.000+0000","bob-PC","C:\ProgramData\wnlvipnvf933\tasksche.exe",WannaCry,".WNCRYT","C:\Users\bob\Downloads\add-on-for-microsoft-sysmon_600\add-on-for-microsoft-sysmon_600\TA-microsoft-sysmon\README.txt.WNCRYT",2
"2017-05-22T04:36:51.000+0000","bob-PC","C:\ProgramData\wnlvipnvf933\tasksche.exe",WannaCry,".WNCRYT","C:\Users\bob\Downloads\eplc_project__archives_template.doc.WNCRYT",2
"2017-05-22T04:36:51.000+0000","bob-PC","C:\ProgramData\wnlvipnvf933\tasksche.exe",WannaCry,".WNCRYT","C:\Users\bob\AppData\Roaming\Microsoft\Windows\Themes\TranscodedWallpaper.jpg.WNCRYT",2
"2017-05-22T04:36:44.000+0000","bob-PC","C:\ProgramData\wnlvipnvf933\tasksche.exe",WannaCry,".WNCRYT","C:\sysmon\sysmon_4\Eula.txt.WNCRYT",2
"2017-05-22T04:36:44.000+0000","bob-PC","C:\ProgramData\wnlvipnvf933\tasksche.exe",WannaCry,".WNCRYT","C:\sysmon\Stream\Splunk_TA_stream\samples\ssl_sample.txt.WNCRYT",2
"2017-05-22T04:36:44.000+0000","bob-PC","C:\ProgramData\wnlvipnvf933\tasksche.exe",WannaCry,".WNCRYT","C:\sysmon\Stream\Splunk_TA_stream\samples\smtp_sample.txt.WNCRYT",2
"2017-05-22T04:36:44.000+0000","bob-PC","C:\ProgramData\wnlvipnvf933\tasksche.exe",WannaCry,".WNCRYT","C:\sysmon\Stream\Splunk_TA_stream\samples\http_sample.txt.WNCRYT",2
"2017-05-22T04:36:44.000+0000","bob-PC","C:\ProgramData\wnlvipnvf933\tasksche.exe",WannaCry,".WNCRYT","C:\sysmon\Stream\Splunk_TA_stream\samples\dns_sample.txt.WNCRYT",2
"2017-05-22T04:36:44.000+0000","bob-PC","C:\ProgramData\wnlvipnvf933\tasksche.exe",WannaCry,".WNCRYT","C:\sysmon\Stream\Splunk_TA_stream\LICENSE.txt.WNCRYT",2
"2017-05-22T04:34:50.000+0000","bob-PC","C:\ProgramData\wnlvipnvf933\tasksche.exe",WannaCry,".WNCRYT","C:\Users\bob\Desktop\Splunk_TA_windows\lookups\wmi_version_range.csv.WNCRYT",2
"2017-05-22T04:34:50.000+0000","bob-PC","C:\ProgramData\wnlvipnvf933\tasksche.exe",WannaCry,".WNCRYT","C:\Users\bob\Desktop\Splunk_TA_windows\lookups\windows_vendor_info.csv.WNCRYT",2
"2017-05-22T04:34:49.000+0000","bob-PC","C:\ProgramData\wnlvipnvf933\tasksche.exe",WannaCry,".WNCRYT","C:\Users\bob\Desktop\Splunk_TA_windows\lookups\windows_update_statii.csv.WNCRYT",2
"2017-05-22T04:34:49.000+0000","bob-PC","C:\ProgramData\wnlvipnvf933\tasksche.exe",WannaCry,".WNCRYT","C:\Users\bob\Desktop\Splunk_TA_windows\lookups\windows_signatures_substatus.csv.WNCRYT",2
"2017-05-22T04:34:49.000+0000","bob-PC","C:\ProgramData\wnlvipnvf933\tasksche.exe",WannaCry,".WNCRYT","C:\Users\bob\Desktop\Splunk_TA_windows\lookups\windows_apps.csv.WNCRYT",2
"2017-05-22T04:34:49.000+0000","bob-PC","C:\ProgramData\wnlvipnvf933\tasksche.exe",WannaCry,".WNCRYT","C:\Users\bob\Desktop\Splunk_TA_windows\lookups\windows_actions.csv.WNCRYT",2
"2017-05-22T04:34:49.000+0000","bob-PC","C:\ProgramData\wnlvipnvf933\tasksche.exe",WannaCry,".WNCRYT","C:\Users\bob\Desktop\Splunk_TA_windows\lookups\vendor_actions.csv.WNCRYT",2
"2017-05-22T04:34:49.000+0000","bob-PC","C:\ProgramData\wnlvipnvf933\tasksche.exe",WannaCry,".WNCRYT","C:\Users\bob\Desktop\Splunk_TA_windows\lookups\user_types.csv.WNCRYT",2
"2017-05-22T04:34:49.000+0000","bob-PC","C:\ProgramData\wnlvipnvf933\tasksche.exe",WannaCry,".WNCRYT","C:\Users\bob\Desktop\Splunk_TA_windows\lookups\status.csv.WNCRYT",2
"2017-05-22T04:34:49.000+0000","bob-PC","C:\ProgramData\wnlvipnvf933\tasksche.exe",WannaCry,".WNCRYT","C:\Users\bob\Desktop\Splunk_TA_windows\lookups\object_category.csv.WNCRYT",2
"2017-05-22T04:34:49.000+0000","bob-PC","C:\ProgramData\wnlvipnvf933\tasksche.exe",WannaCry,".WNCRYT","C:\Users\bob\Desktop\Splunk_TA_windows\lookups\fs_notification_change_type.csv.WNCRYT",2
"2017-05-22T04:34:49.000+0000","bob-PC","C:\ProgramData\wnlvipnvf933\tasksche.exe",WannaCry,".WNCRYT","C:\Users\bob\Desktop\Splunk_TA_windows\appserver\modules\TA_Windows_IFrame\TA_Windows_Iframe.js.WNCRYT",2
"2017-05-22T04:34:49.000+0000","bob-PC","C:\ProgramData\wnlvipnvf933\tasksche.exe",WannaCry,".WNCRYT","C:\Users\bob\Desktop\Splunk_TA_windows\bin\win_listening_ports.bat.WNCRYT",2
"2017-05-22T04:34:49.000+0000","bob-PC","C:\ProgramData\wnlvipnvf933\tasksche.exe",WannaCry,".WNCRYT","C:\Users\bob\Desktop\Splunk_TA_windows\bin\win_installed_apps.bat.WNCRYT",2
"2017-05-22T04:34:49.000+0000","bob-PC","C:\ProgramData\wnlvipnvf933\tasksche.exe",WannaCry,".WNCRYT","C:\Users\bob\Desktop\Splunk_TA_windows\appserver\static\images\icon_error.png.WNCRYT",2
"2017-05-22T04:34:49.000+0000","bob-PC","C:\ProgramData\wnlvipnvf933\tasksche.exe",WannaCry,".WNCRYT","C:\Users\bob\Desktop\Splunk_TA_windows\appserver\static\typewatch.js.WNCRYT",2
"2017-05-22T04:34:49.000+0000","bob-PC","C:\ProgramData\wnlvipnvf933\tasksche.exe",WannaCry,".WNCRYT","C:\Users\bob\Desktop\Splunk_TA_windows\appserver\static\ta_windows_setup.js.WNCRYT",2
"2017-05-22T04:34:49.000+0000","bob-PC","C:\ProgramData\wnlvipnvf933\tasksche.exe",WannaCry,".WNCRYT","C:\Users\bob\Desktop\Splunk_TA_windows\appserver\static\screenshot.png.WNCRYT",2
"2017-05-22T04:34:49.000+0000","bob-PC","C:\ProgramData\wnlvipnvf933\tasksche.exe",WannaCry,".WNCRYT","C:\Users\bob\Desktop\Splunk_TA_windows\appserver\static\appLogo.png.WNCRYT",2
"2017-05-22T04:34:49.000+0000","bob-PC","C:\ProgramData\wnlvipnvf933\tasksche.exe",WannaCry,".WNCRYT","C:\Users\bob\Desktop\Splunk_TA_windows\appserver\static\appIcon.png.WNCRYT",2
"2017-05-22T04:34:49.000+0000","bob-PC","C:\ProgramData\wnlvipnvf933\tasksche.exe",WannaCry,".WNCRYT","C:\Users\bob\Desktop\Splunk_TA_windows\appserver\modules\TA_Windows_FTR\TA_Windows_FTR.js.WNCRYT",2
"2017-05-22T04:34:49.000+0000","bob-PC","C:\ProgramData\wnlvipnvf933\tasksche.exe",WannaCry,".WNCRYT","C:\Users\bob\Desktop\Splunk_TA_windows\lookups\windows_signatures.csv.WNCRYT",2
"2017-05-22T04:34:49.000+0000","bob-PC","C:\ProgramData\wnlvipnvf933\tasksche.exe",WannaCry,".WNCRYT","C:\Users\bob\Desktop\Splunk_TA_windows\lookups\windows_privileges.csv.WNCRYT",2
"2017-05-22T04:34:49.000+0000","bob-PC","C:\ProgramData\wnlvipnvf933\tasksche.exe",WannaCry,".WNCRYT","C:\Users\bob\Desktop\Splunk_TA_windows\lookups\ntsyslog_mappings.csv.WNCRYT",2
"2017-05-22T04:34:48.000+0000","bob-PC","C:\ProgramData\wnlvipnvf933\tasksche.exe",WannaCry,".WNCRYT","C:\Users\bob\Desktop\Splunk_TA_windows\lookups\msdhcp_signatures.csv.WNCRYT",2
"2017-05-22T04:34:48.000+0000","bob-PC","C:\ProgramData\wnlvipnvf933\tasksche.exe",WannaCry,".WNCRYT","C:\Users\bob\Desktop\Splunk_TA_windows\README.txt.WNCRYT",2
"2017-05-22T04:34:48.000+0000","bob-PC","C:\ProgramData\wnlvipnvf933\tasksche.exe",WannaCry,".WNCRYT","C:\Users\bob\Desktop\Splunk_TA_windows\license-eula.txt.WNCRYT",2
"2017-05-22T04:34:48.000+0000","bob-PC","C:\ProgramData\wnlvipnvf933\tasksche.exe",WannaCry,".WNCRYT","C:\Users\bob\Desktop\Splunk_TA_windows\license-eula.rtf.WNCRYT",2
"2017-05-22T04:34:46.000+0000","bob-PC","C:\ProgramData\wnlvipnvf933\tasksche.exe",WannaCry,".wnry","C:\ProgramData\wnlvipnvf933\u.wnry",2
"2017-05-22T04:34:46.000+0000","bob-PC","C:\ProgramData\wnlvipnvf933\tasksche.exe",WannaCry,".wnry","C:\ProgramData\wnlvipnvf933\t.wnry",2
"2017-05-22T04:34:46.000+0000","bob-PC","C:\ProgramData\wnlvipnvf933\tasksche.exe",WannaCry,".wnry","C:\ProgramData\wnlvipnvf933\s.wnry",2
"2017-05-22T04:34:45.000+0000","bob-PC","C:\ProgramData\wnlvipnvf933\tasksche.exe",WannaCry,".wnry","C:\ProgramData\wnlvipnvf933\r.wnry",2
"2017-05-22T04:34:45.000+0000","bob-PC","C:\ProgramData\wnlvipnvf933\tasksche.exe",WannaCry,".wnry","C:\ProgramData\wnlvipnvf933\msg\m_vietnamese.wnry",2
"2017-05-22T04:34:45.000+0000","bob-PC","C:\ProgramData\wnlvipnvf933\tasksche.exe",WannaCry,".wnry","C:\ProgramData\wnlvipnvf933\msg\m_turkish.wnry",2
"2017-05-22T04:34:45.000+0000","bob-PC","C:\ProgramData\wnlvipnvf933\tasksche.exe",WannaCry,".wnry","C:\ProgramData\wnlvipnvf933\msg\m_swedish.wnry",2
"2017-05-22T04:34:45.000+0000","bob-PC","C:\ProgramData\wnlvipnvf933\tasksche.exe",WannaCry,".wnry","C:\ProgramData\wnlvipnvf933\msg\m_spanish.wnry",2
"2017-05-22T04:34:45.000+0000","bob-PC","C:\ProgramData\wnlvipnvf933\tasksche.exe",WannaCry,".wnry","C:\ProgramData\wnlvipnvf933\msg\m_slovak.wnry",2
"2017-05-22T04:34:45.000+0000","bob-PC","C:\ProgramData\wnlvipnvf933\tasksche.exe",WannaCry,".wnry","C:\ProgramData\wnlvipnvf933\msg\m_russian.wnry",2
"2017-05-22T04:34:45.000+0000","bob-PC","C:\ProgramData\wnlvipnvf933\tasksche.exe",WannaCry,".wnry","C:\ProgramData\wnlvipnvf933\msg\m_romanian.wnry",2
"2017-05-22T04:34:45.000+0000","bob-PC","C:\ProgramData\wnlvipnvf933\tasksche.exe",WannaCry,".wnry","C:\ProgramData\wnlvipnvf933\msg\m_portuguese.wnry",2
"2017-05-22T04:34:45.000+0000","bob-PC","C:\ProgramData\wnlvipnvf933\tasksche.exe",WannaCry,".wnry","C:\ProgramData\wnlvipnvf933\msg\m_polish.wnry",2
"2017-05-22T04:34:45.000+0000","bob-PC","C:\ProgramData\wnlvipnvf933\tasksche.exe",WannaCry,".wnry","C:\ProgramData\wnlvipnvf933\msg\m_norwegian.wnry",2
"2017-05-22T04:34:45.000+0000","bob-PC","C:\ProgramData\wnlvipnvf933\tasksche.exe",WannaCry,".wnry","C:\ProgramData\wnlvipnvf933\msg\m_latvian.wnry",2
"2017-05-22T04:34:45.000+0000","bob-PC","C:\ProgramData\wnlvipnvf933\tasksche.exe",WannaCry,".wnry","C:\ProgramData\wnlvipnvf933\msg\m_korean.wnry",2
"2017-05-22T04:34:45.000+0000","bob-PC","C:\ProgramData\wnlvipnvf933\tasksche.exe",WannaCry,".wnry","C:\ProgramData\wnlvipnvf933\msg\m_japanese.wnry",2
"2017-05-22T04:34:45.000+0000","bob-PC","C:\ProgramData\wnlvipnvf933\tasksche.exe",WannaCry,".wnry","C:\ProgramData\wnlvipnvf933\msg\m_italian.wnry",2
"2017-05-22T04:34:45.000+0000","bob-PC","C:\ProgramData\wnlvipnvf933\tasksche.exe",WannaCry,".wnry","C:\ProgramData\wnlvipnvf933\msg\m_indonesian.wnry",2
"2017-05-22T04:34:45.000+0000","bob-PC","C:\ProgramData\wnlvipnvf933\tasksche.exe",WannaCry,".wnry","C:\ProgramData\wnlvipnvf933\msg\m_greek.wnry",2
"2017-05-22T04:34:45.000+0000","bob-PC","C:\ProgramData\wnlvipnvf933\tasksche.exe",WannaCry,".wnry","C:\ProgramData\wnlvipnvf933\msg\m_german.wnry",2
"2017-05-22T04:34:45.000+0000","bob-PC","C:\ProgramData\wnlvipnvf933\tasksche.exe",WannaCry,".wnry","C:\ProgramData\wnlvipnvf933\msg\m_french.wnry",2
"2017-05-22T04:34:45.000+0000","bob-PC","C:\ProgramData\wnlvipnvf933\tasksche.exe",WannaCry,".wnry","C:\ProgramData\wnlvipnvf933\msg\m_finnish.wnry",2
"2017-05-22T04:34:45.000+0000","bob-PC","C:\ProgramData\wnlvipnvf933\tasksche.exe",WannaCry,".wnry","C:\ProgramData\wnlvipnvf933\msg\m_filipino.wnry",2
"2017-05-22T04:34:45.000+0000","bob-PC","C:\ProgramData\wnlvipnvf933\tasksche.exe",WannaCry,".wnry","C:\ProgramData\wnlvipnvf933\msg\m_english.wnry",2
"2017-05-22T04:34:45.000+0000","bob-PC","C:\ProgramData\wnlvipnvf933\tasksche.exe",WannaCry,".wnry","C:\ProgramData\wnlvipnvf933\msg\m_dutch.wnry",2
"2017-05-22T04:34:45.000+0000","bob-PC","C:\ProgramData\wnlvipnvf933\tasksche.exe",WannaCry,".wnry","C:\ProgramData\wnlvipnvf933\msg\m_danish.wnry",2
"2017-05-22T04:34:45.000+0000","bob-PC","C:\ProgramData\wnlvipnvf933\tasksche.exe",WannaCry,".wnry","C:\ProgramData\wnlvipnvf933\msg\m_czech.wnry",2
"2017-05-22T04:34:45.000+0000","bob-PC","C:\ProgramData\wnlvipnvf933\tasksche.exe",WannaCry,".wnry","C:\ProgramData\wnlvipnvf933\msg\m_croatian.wnry",2
"2017-05-22T04:34:45.000+0000","bob-PC","C:\ProgramData\wnlvipnvf933\tasksche.exe",WannaCry,".wnry","C:\ProgramData\wnlvipnvf933\msg\m_bulgarian.wnry",2
"2017-05-22T04:34:45.000+0000","bob-PC","C:\ProgramData\wnlvipnvf933\tasksche.exe",WannaCry,".wnry","C:\ProgramData\wnlvipnvf933\c.wnry",2
"2017-05-22T04:34:45.000+0000","bob-PC","C:\ProgramData\wnlvipnvf933\tasksche.exe",WannaCry,".wnry","C:\ProgramData\wnlvipnvf933\b.wnry",2
