"File_Printed","Page_Count",User,"_time","anonymized_Printer"
"document_1",1,chuck,"1471232247.000","anon_Printer_9"
"document_2",1,chuck,"1471232659.000","anon_Printer_9"
"document_3",8,alice,"1471233873.000","anon_Printer_9"
"document_4",8,alice,"1471233873.000","anon_Printer_9"
"document_5",6,chuck,"1471248642.000","anon_Printer_9"
"document_6",2,chuck,"1471250544.000","anon_Printer_9"
"document_7",2,chuck,"1471250697.000","anon_Printer_9"
"document_8",1,chuck,"1471319244.000","anon_Printer_9"
"document_9",1,chuck,"1471319253.000","anon_Printer_9"
"document_10",1,chuck,"1471495658.000","anon_Printer_9"
"document_11",1,alice,"1471501956.000","anon_Printer_9"
"document_12",4,alice,"1471501975.000","anon_Printer_9"
"document_13",4,alice,"1471501975.000","anon_Printer_9"
"document_14",2,alice,"1471502394.000","anon_Printer_9"
"document_15",2,alice,"1471502394.000","anon_Printer_9"
"document_16",4,chuck,"1471512257.000","anon_Printer_9"
"document_17",4,chuck,"1471512267.000","anon_Printer_9"
"document_18",2,alice,"1471512842.000","anon_Printer_9"
"document_19",2,alice,"1471512842.000","anon_Printer_9"
"document_20",2,alice,"1471513025.000","anon_Printer_9"
"document_21",2,alice,"1471513025.000","anon_Printer_9"
"document_22",1,alice,"1471513104.000","anon_Printer_9"
"document_23",1,alice,"1471513473.000","anon_Printer_9"
"document_24",1,alice,"1471585829.000","anon_Printer_9"
"document_25",15,chuck,"1471587762.000","anon_Printer_9"
"document_26",5,alice,"1471588595.000","anon_Printer_9"
"document_27",4,alice,"1471588595.000","anon_Printer_9"
"document_28",8,alice,"1471589036.000","anon_Printer_9"
"document_29",8,alice,"1471589036.000","anon_Printer_9"
"document_30",4,chuck,"1471589721.000","anon_Printer_9"
"document_31",2,alice,"1471839484.000","anon_Printer_9"
"document_32",2,alice,"1471839484.000","anon_Printer_9"
"document_33",16,alice,"1471839571.000","anon_Printer_9"
"document_34",16,alice,"1471839571.000","anon_Printer_9"
"document_18",6,alice,"1471839689.000","anon_Printer_9"
"document_36",7,alice,"1471839689.000","anon_Printer_9"
"document_37",1,alice,"1471839933.000","anon_Printer_9"
"document_38",1,chuck,"1471840556.000","anon_Printer_9"
"document_39",1,alice,"1471841391.000","anon_Printer_9"
"document_40",2,alice,"1471841421.000","anon_Printer_9"
"document_41",3,alice,"1471841421.000","anon_Printer_9"
"document_42",21,chuck,"1471848312.000","anon_Printer_9"
"document_43",21,chuck,"1471848323.000","anon_Printer_9"
"document_44",6,chuck,"1471850997.000","anon_Printer_9"
"document_45",17,alice,"1471854832.000","anon_Printer_9"
"document_46",16,alice,"1471854832.000","anon_Printer_9"
"document_47",2,alice,"1471855025.000","anon_Printer_9"
"document_48",2,alice,"1471855025.000","anon_Printer_9"
"document_49",2,alice,"1471856600.000","anon_Printer_9"
"document_50",2,alice,"1471856600.000","anon_Printer_9"
"document_51",16,alice,"1471936510.000","anon_Printer_9"
"document_52",16,alice,"1471936510.000","anon_Printer_9"
"document_53",1,alice,"1471936680.000","anon_Printer_9"
"document_54",2,alice,"1471936722.000","anon_Printer_9"
"document_55",2,alice,"1471936722.000","anon_Printer_9"
"document_56",2,alice,"1471937012.000","anon_Printer_9"
"document_57",2,alice,"1471937012.000","anon_Printer_9"
"document_58",2,chuck,"1471937185.000","anon_Printer_9"
"document_59",1,alice,"1472014061.000","anon_Printer_9"
"document_60",1,alice,"1472014071.000","anon_Printer_9"
"document_61",1,alice,"1472014082.000","anon_Printer_9"
"document_62",1,alice,"1472014096.000","anon_Printer_9"
"document_63",1,alice,"1472014108.000","anon_Printer_9"
"document_64",1,alice,"1472014118.000","anon_Printer_9"
"document_65",4,alice,"1472015494.000","anon_Printer_9"
"document_66",4,alice,"1472015494.000","anon_Printer_9"
"document_67",4,alice,"1472015614.000","anon_Printer_9"
"document_68",4,alice,"1472015614.000","anon_Printer_9"
"document_69",4,alice,"1472015752.000","anon_Printer_9"
"document_70",4,alice,"1472015752.000","anon_Printer_9"
"document_71",1,alice,"1472015802.000","anon_Printer_9"
"document_72",1,alice,"1472015818.000","anon_Printer_9"
"document_73",2,alice,"1472015828.000","anon_Printer_9"
"document_74",3,alice,"1472015828.000","anon_Printer_9"
"document_75",4,alice,"1472016011.000","anon_Printer_9"
"document_76",4,alice,"1472016011.000","anon_Printer_9"
"document_77",4,alice,"1472016115.000","anon_Printer_9"
"document_78",4,alice,"1472016115.000","anon_Printer_9"
"document_79",4,alice,"1472016125.000","anon_Printer_9"
"document_80",4,alice,"1472016125.000","anon_Printer_9"
"document_81",1,alice,"1472016917.000","anon_Printer_9"
"document_82",1,alice,"1472017823.000","anon_Printer_9"
"document_83",5,alice,"1472022886.000","anon_Printer_9"
"document_84",4,alice,"1472022886.000","anon_Printer_9"
"document_85",1,alice,"1472022903.000","anon_Printer_9"
"document_86",5,alice,"1472023312.000","anon_Printer_9"
"document_87",4,alice,"1472023312.000","anon_Printer_9"
"document_88",3,alice,"1472025088.000","anon_Printer_9"
"document_89",2,alice,"1472025088.000","anon_Printer_9"
"document_90",1,alice,"1472031519.000","anon_Printer_9"
"document_91",2,alice,"1472033905.000","anon_Printer_9"
"document_92",2,alice,"1472033905.000","anon_Printer_9"
"document_93",2,alice,"1472034930.000","anon_Printer_9"
"document_94",2,alice,"1472034930.000","anon_Printer_9"
"document_95",1,alice,"1472095105.000","anon_Printer_9"
"document_96",2,alice,"1472096392.000","anon_Printer_9"
"document_97",2,alice,"1472096392.000","anon_Printer_9"
"document_98",4,alice,"1472109423.000","anon_Printer_9"
"document_99",5,alice,"1472109423.000","anon_Printer_9"
"document_100",5,alice,"1472113459.000","anon_Printer_9"
"document_101",4,alice,"1472113459.000","anon_Printer_9"
"document_102",2,alice,"1472113506.000","anon_Printer_9"
"document_103",3,alice,"1472113506.000","anon_Printer_9"
"document_104",2,alice,"1472113516.000","anon_Printer_9"
"document_105",2,alice,"1472113516.000","anon_Printer_9"
"document_106",2,alice,"1472113560.000","anon_Printer_9"
"document_107",2,alice,"1472113560.000","anon_Printer_9"
"document_108",2,alice,"1472117094.000","anon_Printer_9"
"document_109",2,alice,"1472117094.000","anon_Printer_9"
"document_110",2,alice,"1472118229.000","anon_Printer_9"
"document_111",2,alice,"1472118229.000","anon_Printer_9"
"document_112",2,alice,"1472118460.000","anon_Printer_9"
"document_113",2,alice,"1472118460.000","anon_Printer_9"
"document_4",21,chuck,"1472180379.000","anon_Printer_9"
"document_115",4,chuck,"1472180389.000","anon_Printer_9"
"document_116",2,chuck,"1472189522.000","anon_Printer_9"
"document_117",2,alice,"1472435274.000","anon_Printer_9"
"document_59",2,alice,"1472435274.000","anon_Printer_9"
"document_119",7,chuck,"1472448266.000","anon_Printer_9"
"document_120",1,chuck,"1472454139.000","anon_Printer_9"
"document_121",26,alice,"1472459226.000","anon_Printer_9"
"document_4",26,alice,"1472459226.000","anon_Printer_9"
"document_123",28,alice,"1472459474.000","anon_Printer_9"
"document_124",29,alice,"1472459474.000","anon_Printer_9"
"document_125",29,alice,"1472459515.000","anon_Printer_9"
"document_126",28,alice,"1472459515.000","anon_Printer_9"
"document_127",6,alice,"1472460643.000","anon_Printer_9"
"document_128",6,alice,"1472460643.000","anon_Printer_9"
"document_129",11,alice,"1472460655.000","anon_Printer_9"
"document_130",10,alice,"1472460655.000","anon_Printer_9"
"document_131",22,alice,"1472463308.000","anon_Printer_9"
"document_132",22,alice,"1472463308.000","anon_Printer_9"
"document_133",2,alice,"1472463317.000","anon_Printer_9"
"document_134",2,alice,"1472463317.000","anon_Printer_9"
"document_135",2,alice,"1472463327.000","anon_Printer_9"
"document_136",2,alice,"1472463327.000","anon_Printer_9"
"document_137",3,chuck,"1472474932.000","anon_Printer_9"
"document_138",4,alice,"1472521261.000","anon_Printer_9"
"document_139",4,alice,"1472521261.000","anon_Printer_9"
"document_140",16,chuck,"1472548544.000","anon_Printer_9"
"document_141",10,alice,"1472621884.000","anon_Printer_9"
"document_142",10,alice,"1472621884.000","anon_Printer_9"
"document_143",2,alice,"1472621891.000","anon_Printer_9"
"document_144",2,alice,"1472621891.000","anon_Printer_9"
"document_145",4,alice,"1472621901.000","anon_Printer_9"
"document_4",4,alice,"1472621901.000","anon_Printer_9"
"document_147",12,alice,"1472621924.000","anon_Printer_9"
"document_148",12,alice,"1472621924.000","anon_Printer_9"
"document_149",1,chuck,"1472629321.000","anon_Printer_9"
"document_150",18,chuck,"1472703791.000","anon_Printer_9"
"document_151",2,chuck,"1472703800.000","anon_Printer_9"
"document_152",17,chuck,"1472704759.000","anon_Printer_9"
"document_153",3,chuck,"1472706915.000","anon_Printer_9"
"document_154",3,chuck,"1472707225.000","anon_Printer_9"
"document_155",1,chuck,"1472707389.000","anon_Printer_9"
"document_156",12,alice,"1472709130.000","anon_Printer_9"
"document_157",12,alice,"1472709130.000","anon_Printer_9"
"document_79",2,alice,"1472714101.000","anon_Printer_9"
"document_159",2,alice,"1472714101.000","anon_Printer_9"
"document_160",1,alice,"1472714140.000","anon_Printer_9"
"document_161",2,alice,"1472714159.000","anon_Printer_9"
"document_162",2,alice,"1472714159.000","anon_Printer_9"
"document_163",2,alice,"1472714386.000","anon_Printer_9"
"document_164",2,alice,"1472714386.000","anon_Printer_9"
"document_165",1,alice,"1472714669.000","anon_Printer_9"
"document_166",1,alice,"1472714679.000","anon_Printer_9"
"document_167",3,alice,"1472787897.000","anon_Printer_9"
"document_168",2,alice,"1472787897.000","anon_Printer_9"
"document_169",6,alice,"1472790495.000","anon_Printer_9"
"document_170",6,alice,"1472790495.000","anon_Printer_9"
"document_171",8,alice,"1472790692.000","anon_Printer_9"
"document_172",8,alice,"1472790692.000","anon_Printer_9"
"document_173",6,alice,"1472798361.000","anon_Printer_9"
"document_174",6,alice,"1472798361.000","anon_Printer_9"
"document_175",7,alice,"1472799473.000","anon_Printer_9"
"document_176",6,alice,"1472799473.000","anon_Printer_9"
"document_177",2,alice,"1472799689.000","anon_Printer_9"
"document_178",2,alice,"1472799689.000","anon_Printer_9"
"document_179",7,alice,"1472807137.000","anon_Printer_9"
"document_180",6,alice,"1472807137.000","anon_Printer_9"
"document_181",1,alice,"1472809147.000","anon_Printer_9"
"document_182",12,alice,"1472809166.000","anon_Printer_9"
"document_183",12,alice,"1472809166.000","anon_Printer_9"
"document_184",50,chuck,"1473131868.000","anon_Printer_9"
"document_185",13,alice,"1473139551.000","anon_Printer_9"
"document_186",12,alice,"1473139551.000","anon_Printer_9"
"document_187",4,alice,"1473139781.000","anon_Printer_9"
"document_188",4,alice,"1473139781.000","anon_Printer_9"
"document_189",1,alice,"1473141793.000","anon_Printer_9"
"document_190",12,alice,"1473143627.000","anon_Printer_9"
"document_191",13,alice,"1473143627.000","anon_Printer_9"
"document_192",10,alice,"1473143642.000","anon_Printer_9"
"document_4",11,alice,"1473143642.000","anon_Printer_9"
"document_194",8,alice,"1473143788.000","anon_Printer_9"
"document_195",8,alice,"1473143788.000","anon_Printer_9"
"document_196",2,alice,"1473144601.000","anon_Printer_9"
"document_197",2,alice,"1473144601.000","anon_Printer_9"
"document_198",1,alice,"1473144620.000","anon_Printer_9"
"document_199",1,alice,"1473144633.000","anon_Printer_9"
"document_200",1,alice,"1473144838.000","anon_Printer_9"
"document_201",1,alice,"1473144875.000","anon_Printer_9"
"document_202",1,alice,"1473144928.000","anon_Printer_9"
"document_203",1,alice,"1473144970.000","anon_Printer_9"
"document_204",2,alice,"1473145061.000","anon_Printer_9"
"document_205",2,alice,"1473145061.000","anon_Printer_9"
"document_206",1,alice,"1473146760.000","anon_Printer_9"
"document_207",1,alice,"1473146784.000","anon_Printer_9"
"document_208",13,alice,"1473146814.000","anon_Printer_9"
"document_209",12,alice,"1473146814.000","anon_Printer_9"
"document_210",12,alice,"1473146948.000","anon_Printer_9"
"document_211",13,alice,"1473146948.000","anon_Printer_9"
"document_212",2,chuck,"1473148987.000","anon_Printer_9"
"document_213",3,alice,"1473151828.000","anon_Printer_9"
"document_214",2,alice,"1473151828.000","anon_Printer_9"
"document_215",6,alice,"1473151848.000","anon_Printer_9"
"document_216",7,alice,"1473151848.000","anon_Printer_9"
"document_217",2,alice,"1473151934.000","anon_Printer_9"
"document_218",2,alice,"1473151934.000","anon_Printer_9"
"document_219",5,chuck,"1473222710.000","anon_Printer_9"
"document_220",2,chuck,"1473223420.000","anon_Printer_9"
"document_221",18,alice,"1473303599.000","anon_Printer_9"
"document_222",18,alice,"1473303599.000","anon_Printer_9"
"document_223",52,alice,"1473304844.000","anon_Printer_9"
"document_224",53,alice,"1473304844.000","anon_Printer_9"
"document_225",5,alice,"1473305381.000","anon_Printer_9"
"document_226",4,alice,"1473305381.000","anon_Printer_9"
"document_227",4,chuck,"1473308641.000","anon_Printer_9"
"document_228",10,alice,"1473311337.000","anon_Printer_9"
"document_229",11,alice,"1473311337.000","anon_Printer_9"
"document_230",11,alice,"1473311986.000","anon_Printer_9"
"document_231",10,alice,"1473311986.000","anon_Printer_9"
"document_232",14,alice,"1473313057.000","anon_Printer_9"
"document_233",14,alice,"1473313057.000","anon_Printer_9"
"document_4",1,alice,"1473317905.000","anon_Printer_9"
"chuck_resume-draft1.docx",2,chuck,"1473318711.000","anon_Printer_9"
"chuck_resume-draft4.docx",3,chuck,"1473323265.000","anon_Printer_9"
"chuck_resume-draft5.docx",2,chuck,"1473323700.000","anon_Printer_9"
"document_238",1,alice,"1473410057.000","anon_Printer_9"
"document_239",6,alice,"1473410091.000","anon_Printer_9"
"document_240",6,alice,"1473410091.000","anon_Printer_9"
"chuck_resume.pdf",1,chuck,"1473410365.000","anon_Printer_9"
"document_242",1,chuck,"1473411537.000","anon_Printer_9"
"document_243",1,chuck,"1473411555.000","anon_Printer_9"
"document_244",3,alice,"1473648584.000","anon_Printer_9"
"document_245",2,alice,"1473648584.000","anon_Printer_9"
"document_246",1,alice,"1473648705.000","anon_Printer_9"
"document_247",2,alice,"1473648760.000","anon_Printer_9"
"document_248",2,alice,"1473648760.000","anon_Printer_9"
"document_249",1,alice,"1473648809.000","anon_Printer_9"
"document_250",8,alice,"1473648875.000","anon_Printer_9"
"document_251",8,alice,"1473648875.000","anon_Printer_9"
"document_252",8,alice,"1473648883.000","anon_Printer_9"
"document_253",8,alice,"1473648883.000","anon_Printer_9"
"document_254",8,alice,"1473648894.000","anon_Printer_9"
"document_255",8,alice,"1473648894.000","anon_Printer_9"
"document_256",4,alice,"1473648958.000","anon_Printer_9"
"document_129",5,alice,"1473648958.000","anon_Printer_9"
"document_258",2,alice,"1473648983.000","anon_Printer_9"
"document_259",2,alice,"1473648983.000","anon_Printer_9"
"document_260",2,alice,"1473649236.000","anon_Printer_9"
"document_261",2,alice,"1473649236.000","anon_Printer_9"
"document_262",1,alice,"1473649289.000","anon_Printer_9"
"document_263",4,alice,"1473649469.000","anon_Printer_9"
"document_264",4,alice,"1473649469.000","anon_Printer_9"
"document_265",1,alice,"1473668903.000","anon_Printer_9"
"document_266",2,alice,"1473733940.000","anon_Printer_9"
"document_267",2,alice,"1473733940.000","anon_Printer_9"
"document_268",2,alice,"1473750256.000","anon_Printer_9"
"document_269",2,alice,"1473750256.000","anon_Printer_9"
"document_270",1,chuck,"1473751173.000","anon_Printer_9"
"document_271",2,alice,"1473753086.000","anon_Printer_9"
"document_272",2,alice,"1473753086.000","anon_Printer_9"
"document_273",1,alice,"1473753100.000","anon_Printer_9"
"document_274",1,chuck,"1473755452.000","anon_Printer_9"
"document_275",2,chuck,"1473755476.000","anon_Printer_9"
"document_276",2,chuck,"1473755633.000","anon_Printer_9"
"document_277",1,chuck,"1473755642.000","anon_Printer_9"
"document_278",1,chuck,"1473757472.000","anon_Printer_9"
"document_279",2,chuck,"1473757487.000","anon_Printer_9"
"document_280",7,alice,"1473757539.000","anon_Printer_9"
"document_4",6,alice,"1473757539.000","anon_Printer_9"
"document_282",1,alice,"1473757720.000","anon_Printer_9"
"document_283",5,chuck,"1473758123.000","anon_Printer_9"
"document_284",6,chuck,"1473758138.000","anon_Printer_9"
"document_285",1,chuck,"1473759896.000","anon_Printer_9"
"document_286",8,chuck,"1473760441.000","anon_Printer_6"
"document_287",8,chuck,"1473760441.000","anon_Printer_6"
"document_288",45,alice,"1473827128.000","anon_Printer_9"
"document_289",44,alice,"1473827128.000","anon_Printer_9"
"document_290",1,chuck,"1473828948.000","anon_Printer_9"
"document_291",1,chuck,"1473830136.000","anon_Printer_9"
"document_292",1,alice,"1473835547.000","anon_Printer_9"
"document_293",5,alice,"1473842480.000","anon_Printer_9"
"document_294",4,alice,"1473842480.000","anon_Printer_9"
"document_295",5,chuck,"1473910959.000","anon_Printer_9"
"document_296",2,chuck,"1473913949.000","anon_Printer_9"
"document_297",13,chuck,"1473923753.000","anon_Printer_9"
"document_298",9,chuck,"1473923766.000","anon_Printer_9"
"document_299",3,alice,"1473925503.000","anon_Printer_9"
"document_300",2,alice,"1473925503.000","anon_Printer_9"
"document_301",4,alice,"1473925525.000","anon_Printer_9"
"document_302",4,alice,"1473925525.000","anon_Printer_9"
"document_303",4,alice,"1473925650.000","anon_Printer_9"
"document_304",4,alice,"1473925650.000","anon_Printer_9"
"document_305",16,alice,"1473925792.000","anon_Printer_9"
"document_306",17,alice,"1473925792.000","anon_Printer_9"
"document_307",2,alice,"1473994626.000","anon_Printer_9"
"document_308",3,alice,"1473994626.000","anon_Printer_9"
"document_309",2,alice,"1474011108.000","anon_Printer_9"
"document_310",2,alice,"1474011108.000","anon_Printer_9"
"document_311",2,alice,"1474012533.000","anon_Printer_9"
"document_312",2,alice,"1474012533.000","anon_Printer_9"
"document_313",1,alice,"1474017150.000","anon_Printer_9"
"document_314",15,chuck,"1474244895.000","anon_Printer_7"
"document_315",10,chuck,"1474245213.000","anon_Printer_7"
"document_316",8,chuck,"1474245676.000","anon_Printer_7"
"document_317",2,chuck,"1474246396.000","anon_Printer_4"
"document_318",1,chuck,"1474246396.000","anon_Printer_4"
"document_319",1,chuck,"1474246396.000","anon_Printer_4"
"document_320",6,chuck,"1474246397.000","anon_Printer_4"
"document_321",5,chuck,"1474246397.000","anon_Printer_4"
"document_322",1,chuck,"1474246397.000","anon_Printer_4"
"document_323",2,chuck,"1474246399.000","anon_Printer_4"
"document_324",2,chuck,"1474246399.000","anon_Printer_4"
"document_325",15,chuck,"1474246833.000","anon_Printer_7"
"document_326",3,chuck,"1474247124.000","anon_Printer_1"
"document_327",2,chuck,"1474247124.000","anon_Printer_1"
"document_328",1,chuck,"1474247124.000","anon_Printer_1"
"document_165",1,chuck,"1474247632.000","anon_Printer_4"
"document_330",1,chuck,"1474247632.000","anon_Printer_4"
"document_331",1,chuck,"1474247633.000","anon_Printer_4"
"document_332",1,chuck,"1474247633.000","anon_Printer_4"
"document_167",1,chuck,"1474247634.000","anon_Printer_4"
"document_334",1,chuck,"1474247634.000","anon_Printer_4"
"document_335",1,chuck,"1474247635.000","anon_Printer_4"
"document_336",1,chuck,"1474247635.000","anon_Printer_4"
"document_337",1,chuck,"1474248000.000","anon_Printer_2"
"document_338",2,chuck,"1474248000.000","anon_Printer_2"
"document_339",2,chuck,"1474248000.000","anon_Printer_2"
"document_340",1000,chuck,"1474248103.000","anon_Printer_2"
"document_341",500,chuck,"1474248103.000","anon_Printer_2"
"document_342",1000,chuck,"1474248103.000","anon_Printer_2"
"document_343",4,chuck,"1474248113.000","anon_Printer_1"
"document_344",1,chuck,"1474248113.000","anon_Printer_1"
"document_173",3,chuck,"1474248113.000","anon_Printer_1"
"document_346",1,chuck,"1474248311.000","anon_Printer_1"
"document_347",1,chuck,"1474248311.000","anon_Printer_1"
"document_348",1,chuck,"1474248320.000","anon_Printer_1"
"document_349",1,chuck,"1474248320.000","anon_Printer_1"
"document_350",1,chuck,"1474248332.000","anon_Printer_1"
"document_351",1,chuck,"1474248332.000","anon_Printer_1"
"document_352",1,chuck,"1474249004.000","anon_Printer_6"
"document_353",1,chuck,"1474249004.000","anon_Printer_6"
"document_354",37,chuck,"1474249240.000","anon_Printer_9"
"document_355",2,chuck,"1474249415.000","anon_Printer_4"
"document_356",2,chuck,"1474249415.000","anon_Printer_4"
"document_357",3,chuck,"1474249415.000","anon_Printer_4"
"document_358",4,chuck,"1474249417.000","anon_Printer_4"
"document_359",4,chuck,"1474249417.000","anon_Printer_4"
"document_360",2,chuck,"1474249417.000","anon_Printer_4"
"document_361",250,chuck,"1474249424.000","anon_Printer_4"
"document_362",250,chuck,"1474249424.000","anon_Printer_4"
"document_363",14,chuck,"1474249576.000","anon_Printer_9"
"document_364",3,chuck,"1474249581.000","anon_Printer_9"
"document_365",5,chuck,"1474249587.000","anon_Printer_9"
"document_366",1,chuck,"1474249592.000","anon_Printer_9"
"document_367",2,chuck,"1474249599.000","anon_Printer_6"
"document_368",1,chuck,"1474249599.000","anon_Printer_6"
"document_369",1,chuck,"1474249599.000","anon_Printer_6"
"document_370",17,chuck,"1474249636.000","anon_Printer_9"
"document_371",1,chuck,"1474249685.000","anon_Printer_6"
"document_372",1,chuck,"1474249685.000","anon_Printer_6"
"document_4",2,chuck,"1474249816.000","anon_Printer_6"
"document_374",1,chuck,"1474249816.000","anon_Printer_6"
"document_375",1,chuck,"1474249816.000","anon_Printer_6"
"document_376",1,chuck,"1474249817.000","anon_Printer_6"
"document_377",2,chuck,"1474249817.000","anon_Printer_6"
"document_378",1,chuck,"1474249817.000","anon_Printer_6"
"document_379",1,chuck,"1474249819.000","anon_Printer_5"
"document_380",14,chuck,"1474249819.000","anon_Printer_5"
"document_381",13,chuck,"1474249819.000","anon_Printer_5"
"document_382",14,chuck,"1474249906.000","anon_Printer_5"
"document_383",14,chuck,"1474249906.000","anon_Printer_5"
"document_384",14,chuck,"1474249940.000","anon_Printer_5"
"document_385",14,chuck,"1474249940.000","anon_Printer_5"
"document_386",1,chuck,"1474249995.000","anon_Printer_6"
"document_387",1,chuck,"1474249995.000","anon_Printer_6"
"document_388",14,chuck,"1474250004.000","anon_Printer_5"
"document_389",14,chuck,"1474250004.000","anon_Printer_5"
"document_390",14,chuck,"1474250053.000","anon_Printer_5"
"document_391",14,chuck,"1474250053.000","anon_Printer_5"
"document_392",14,chuck,"1474250090.000","anon_Printer_5"
"document_393",14,chuck,"1474250090.000","anon_Printer_5"
"document_394",1,chuck,"1474250181.000","anon_Printer_9"
"document_395",23,chuck,"1474250407.000","anon_Printer_2"
"document_396",12,chuck,"1474250407.000","anon_Printer_2"
"document_397",22,chuck,"1474250407.000","anon_Printer_2"
"document_199",2,chuck,"1474250579.000","anon_Printer_7"
"document_399",2,chuck,"1474250609.000","anon_Printer_7"
"document_400",2,chuck,"1474250609.000","anon_Printer_7"
"document_401",4,chuck,"1474250630.000","anon_Printer_7"
"document_402",40,chuck,"1474250857.000","anon_Printer_9"
"document_403",2,chuck,"1474251267.000","anon_Printer_2"
"document_404",4,chuck,"1474251267.000","anon_Printer_2"
"document_203",4,chuck,"1474251267.000","anon_Printer_2"
"document_406",4,chuck,"1474251268.000","anon_Printer_2"
"document_407",4,chuck,"1474251268.000","anon_Printer_2"
"document_408",8,chuck,"1474251630.000","anon_Printer_9"
"document_409",1,chuck,"1474251912.000","anon_Printer_3"
"document_410",1,chuck,"1474251912.000","anon_Printer_3"
"document_411",1,chuck,"1474252027.000","anon_Printer_1"
"document_412",1,chuck,"1474252027.000","anon_Printer_1"
"document_4",2,chuck,"1474252028.000","anon_Printer_1"
"document_414",1,chuck,"1474252028.000","anon_Printer_1"
"document_4",2,chuck,"1474252028.000","anon_Printer_1"
"document_416",1,chuck,"1474252029.000","anon_Printer_1"
"document_417",1,chuck,"1474252029.000","anon_Printer_1"
"document_4",2,chuck,"1474252030.000","anon_Printer_1"
"document_419",3,chuck,"1474252030.000","anon_Printer_1"
"document_420",4,chuck,"1474252030.000","anon_Printer_1"
"document_421",1,chuck,"1474252030.000","anon_Printer_1"
"document_422",1,chuck,"1474252032.000","anon_Printer_1"
"document_423",1,chuck,"1474252032.000","anon_Printer_1"
"document_424",1,chuck,"1474252033.000","anon_Printer_1"
"document_425",1,chuck,"1474252033.000","anon_Printer_1"
"document_426",1,chuck,"1474252034.000","anon_Printer_1"
"document_427",1,chuck,"1474252034.000","anon_Printer_1"
"document_428",1,chuck,"1474252035.000","anon_Printer_1"
"document_429",1,chuck,"1474252035.000","anon_Printer_1"
"document_430",2,chuck,"1474252438.000","anon_Printer_7"
"document_216",6,chuck,"1474252449.000","anon_Printer_7"
"document_432",8,chuck,"1474252458.000","anon_Printer_8"
"document_433",33,chuck,"1474252474.000","anon_Printer_8"
"document_434",14,chuck,"1474252486.000","anon_Printer_8"
"document_435",4,chuck,"1474252534.000","anon_Printer_6"
"document_436",4,chuck,"1474252534.000","anon_Printer_6"
"document_437",19,chuck,"1474252717.000","anon_Printer_9"
"document_438",18,chuck,"1474252717.000","anon_Printer_9"
"document_439",14,chuck,"1474252862.000","anon_Printer_7"
"document_440",2,chuck,"1474252975.000","anon_Printer_2"
"document_221",2,chuck,"1474252975.000","anon_Printer_2"
"document_442",2,chuck,"1474253276.000","anon_Printer_6"
"document_443",2,chuck,"1474253276.000","anon_Printer_6"
"document_444",4,chuck,"1474253277.000","anon_Printer_6"
"document_445",6,chuck,"1474253277.000","anon_Printer_6"
"document_446",2,chuck,"1474253277.000","anon_Printer_6"
"document_447",4,chuck,"1474253570.000","anon_Printer_1"
"document_448",8,chuck,"1474253570.000","anon_Printer_1"
"document_449",2,chuck,"1474253570.000","anon_Printer_1"
"document_450",6,chuck,"1474253570.000","anon_Printer_1"
"document_451",3,chuck,"1474253629.000","anon_Printer_6"
"document_452",3,chuck,"1474253629.000","anon_Printer_6"
"document_453",2,chuck,"1474253631.000","anon_Printer_6"
"document_454",2,chuck,"1474253631.000","anon_Printer_6"
"document_455",5,chuck,"1474253665.000","anon_Printer_6"
"document_456",5,chuck,"1474253665.000","anon_Printer_6"
"document_457",5,chuck,"1474253667.000","anon_Printer_6"
"document_458",5,chuck,"1474253667.000","anon_Printer_6"
"document_459",12,chuck,"1474253731.000","anon_Printer_8"
"document_460",12,chuck,"1474253731.000","anon_Printer_8"
"document_461",21,chuck,"1474253750.000","anon_Printer_7"
"document_462",1,chuck,"1474253781.000","anon_Printer_6"
"document_463",1,chuck,"1474253781.000","anon_Printer_6"
"document_464",2,chuck,"1474253862.000","anon_Printer_2"
"document_465",2,chuck,"1474253862.000","anon_Printer_2"
"document_466",5,chuck,"1474253863.000","anon_Printer_2"
"document_467",5,chuck,"1474253863.000","anon_Printer_2"
"document_468",2,chuck,"1474253883.000","anon_Printer_4"
"document_469",1,chuck,"1474253883.000","anon_Printer_4"
"document_470",1,chuck,"1474253883.000","anon_Printer_4"
"document_471",3,chuck,"1474253884.000","anon_Printer_4"
"document_472",3,chuck,"1474253884.000","anon_Printer_4"
"document_473",2,chuck,"1474254100.000","anon_Printer_4"
"document_474",2,chuck,"1474254100.000","anon_Printer_4"
"document_475",1,chuck,"1474254196.000","anon_Printer_6"
"document_476",1,chuck,"1474254196.000","anon_Printer_6"
"document_477",1,chuck,"1474254197.000","anon_Printer_6"
"document_478",1,chuck,"1474254197.000","anon_Printer_6"
"document_479",1,chuck,"1474254317.000","anon_Printer_6"
"document_480",1,chuck,"1474254317.000","anon_Printer_6"
"document_481",1,chuck,"1474254336.000","anon_Printer_6"
"document_482",1,chuck,"1474254336.000","anon_Printer_6"
"document_483",1,chuck,"1474254360.000","anon_Printer_6"
"document_484",1,chuck,"1474254360.000","anon_Printer_6"
"document_485",1,chuck,"1474254647.000","anon_Printer_6"
"document_486",1,chuck,"1474254647.000","anon_Printer_6"
"document_487",2,chuck,"1474254704.000","anon_Printer_6"
"document_488",2,chuck,"1474254704.000","anon_Printer_6"
"document_489",7,chuck,"1474255675.000","anon_Printer_6"
"document_490",4,chuck,"1474255675.000","anon_Printer_6"
"document_491",11,chuck,"1474255675.000","anon_Printer_6"
"document_492",4,chuck,"1474255679.000","anon_Printer_6"
"document_493",2,chuck,"1474255679.000","anon_Printer_6"
"document_494",2,chuck,"1474255679.000","anon_Printer_6"
"document_495",3,chuck,"1474255681.000","anon_Printer_6"
"document_496",1,chuck,"1474255681.000","anon_Printer_6"
"document_497",4,chuck,"1474255681.000","anon_Printer_6"
"document_498",7,chuck,"1474255682.000","anon_Printer_6"
"document_499",4,chuck,"1474255682.000","anon_Printer_6"
"document_500",11,chuck,"1474255682.000","anon_Printer_6"
"document_501",4,chuck,"1474255687.000","anon_Printer_6"
"document_502",3,chuck,"1474255687.000","anon_Printer_6"
"document_503",1,chuck,"1474255687.000","anon_Printer_6"
"document_504",2,chuck,"1474255689.000","anon_Printer_6"
"document_505",2,chuck,"1474255689.000","anon_Printer_6"
"document_506",4,chuck,"1474255689.000","anon_Printer_6"
"document_507",2,chuck,"1474255691.000","anon_Printer_6"
"document_254",2,chuck,"1474255691.000","anon_Printer_6"
"document_509",4,chuck,"1474255691.000","anon_Printer_6"
"document_510",4,chuck,"1474255692.000","anon_Printer_6"
"document_511",3,chuck,"1474255692.000","anon_Printer_6"
"document_512",1,chuck,"1474255692.000","anon_Printer_6"
"document_513",4,chuck,"1474255694.000","anon_Printer_6"
"document_514",1,chuck,"1474255694.000","anon_Printer_6"
"document_515",5,chuck,"1474255694.000","anon_Printer_6"
"document_516",4,chuck,"1474255696.000","anon_Printer_6"
"document_517",2,chuck,"1474255696.000","anon_Printer_6"
"document_518",2,chuck,"1474255696.000","anon_Printer_6"
"document_519",1,chuck,"1474255697.000","anon_Printer_6"
"document_520",1,chuck,"1474255697.000","anon_Printer_6"
"document_521",1,chuck,"1474255698.000","anon_Printer_6"
"document_522",1,chuck,"1474255698.000","anon_Printer_6"
"document_523",4,chuck,"1474255699.000","anon_Printer_6"
"document_524",1,chuck,"1474255699.000","anon_Printer_6"
"document_525",3,chuck,"1474255699.000","anon_Printer_6"
"document_526",2,chuck,"1474255699.000","anon_Printer_9"
"document_527",2,chuck,"1474255701.000","anon_Printer_6"
"document_528",2,chuck,"1474255701.000","anon_Printer_6"
"document_529",4,chuck,"1474255702.000","anon_Printer_6"
"document_530",4,chuck,"1474255702.000","anon_Printer_6"
"document_531",12,chuck,"1474255703.000","anon_Printer_6"
"document_532",12,chuck,"1474255703.000","anon_Printer_6"
"document_533",23,chuck,"1474255705.000","anon_Printer_6"
"document_534",23,chuck,"1474255705.000","anon_Printer_6"
"document_535",4,chuck,"1474255708.000","anon_Printer_6"
"document_536",1,chuck,"1474255708.000","anon_Printer_6"
"document_537",3,chuck,"1474255708.000","anon_Printer_6"
"document_538",2,chuck,"1474255710.000","anon_Printer_6"
"document_539",2,chuck,"1474255710.000","anon_Printer_6"
"document_540",4,chuck,"1474255710.000","anon_Printer_6"
"document_541",1,chuck,"1474256258.000","anon_Printer_4"
"document_542",1,chuck,"1474256258.000","anon_Printer_4"
"document_543",1,chuck,"1474256259.000","anon_Printer_4"
"document_544",1,chuck,"1474256259.000","anon_Printer_4"
"document_545",1,chuck,"1474256261.000","anon_Printer_4"
"document_546",1,chuck,"1474256261.000","anon_Printer_4"
"document_547",1,chuck,"1474256350.000","anon_Printer_5"
"document_548",1,chuck,"1474256350.000","anon_Printer_5"
"document_549",2,chuck,"1474256396.000","anon_Printer_9"
"document_550",3,chuck,"1474256396.000","anon_Printer_9"
"document_551",1,chuck,"1474256434.000","anon_Printer_2"
"document_552",1,chuck,"1474256434.000","anon_Printer_2"
"document_553",1,chuck,"1474256508.000","anon_Printer_6"
"document_554",1,chuck,"1474256508.000","anon_Printer_6"
"document_555",2,chuck,"1474256617.000","anon_Printer_1"
"document_556",2,chuck,"1474256617.000","anon_Printer_1"
"document_557",3,chuck,"1474256618.000","anon_Printer_9"
"document_558",3,chuck,"1474256658.000","anon_Printer_9"
"document_559",1,chuck,"1474256852.000","anon_Printer_1"
"document_560",1,chuck,"1474256852.000","anon_Printer_1"
"document_561",3,chuck,"1474256898.000","anon_Printer_6"
"document_562",2,chuck,"1474256898.000","anon_Printer_6"
"document_563",2,chuck,"1474256898.000","anon_Printer_6"
"document_564",8,chuck,"1474256917.000","anon_Printer_2"
"document_565",4,chuck,"1474256917.000","anon_Printer_2"
"document_566",8,chuck,"1474256917.000","anon_Printer_2"
"document_284",1,chuck,"1474256919.000","anon_Printer_2"
"document_568",1,chuck,"1474256919.000","anon_Printer_2"
"document_569",5,chuck,"1474256920.000","anon_Printer_2"
"document_570",9,chuck,"1474256920.000","anon_Printer_2"
"document_571",8,chuck,"1474256920.000","anon_Printer_2"
"document_572",10,chuck,"1474256922.000","anon_Printer_2"
"document_573",19,chuck,"1474256922.000","anon_Printer_2"
"document_574",18,chuck,"1474256922.000","anon_Printer_2"
"document_575",2,chuck,"1474256946.000","anon_Printer_9"
"document_576",1,chuck,"1474257032.000","anon_Printer_8"
"document_577",6,chuck,"1474257170.000","anon_Printer_2"
"document_578",6,chuck,"1474257170.000","anon_Printer_2"
"document_579",1,chuck,"1474257362.000","anon_Printer_1"
"document_580",1,chuck,"1474257362.000","anon_Printer_1"
"document_581",4,chuck,"1474257445.000","anon_Printer_9"
"document_582",5,chuck,"1474257751.000","anon_Printer_9"
"document_583",25,chuck,"1474257805.000","anon_Printer_9"
"document_584",2,chuck,"1474258073.000","anon_Printer_5"
"document_585",2,chuck,"1474258073.000","anon_Printer_5"
"document_586",2,chuck,"1474258076.000","anon_Printer_5"
"document_587",2,chuck,"1474258076.000","anon_Printer_5"
"document_588",37,chuck,"1474258183.000","anon_Printer_9"
"document_4",1,chuck,"1474258413.000","anon_Printer_2"
"document_590",2,chuck,"1474258413.000","anon_Printer_2"
"document_591",2,chuck,"1474258413.000","anon_Printer_2"
"document_592",4,chuck,"1474258414.000","anon_Printer_2"
"document_593",4,chuck,"1474258414.000","anon_Printer_2"
"document_594",2,chuck,"1474258414.000","anon_Printer_2"
"document_595",2,chuck,"1474258417.000","anon_Printer_2"
"document_596",1,chuck,"1474258417.000","anon_Printer_2"
"document_597",2,chuck,"1474258417.000","anon_Printer_2"
"document_598",5,chuck,"1474258419.000","anon_Printer_2"
"document_599",4,chuck,"1474258419.000","anon_Printer_2"
"document_600",3,chuck,"1474258419.000","anon_Printer_2"
"document_601",54,chuck,"1474258444.000","anon_Printer_4"
"document_602",54,chuck,"1474258444.000","anon_Printer_4"
"document_603",1,chuck,"1474258594.000","anon_Printer_2"
"document_604",2,chuck,"1474258594.000","anon_Printer_2"
"document_605",2,chuck,"1474258594.000","anon_Printer_2"
"document_606",1,chuck,"1474258595.000","anon_Printer_2"
"document_607",4,chuck,"1474258595.000","anon_Printer_2"
"document_608",2,chuck,"1474258595.000","anon_Printer_2"
"document_609",3,chuck,"1474258595.000","anon_Printer_2"
"document_610",1,chuck,"1474258596.000","anon_Printer_2"
"document_611",1,chuck,"1474258596.000","anon_Printer_2"
"document_612",1,chuck,"1474258649.000","anon_Printer_3"
"document_613",1,chuck,"1474258649.000","anon_Printer_3"
"document_614",1,chuck,"1474258825.000","anon_Printer_4"
"document_615",2,chuck,"1474258825.000","anon_Printer_4"
"document_616",2,chuck,"1474258825.000","anon_Printer_4"
"document_617",2,chuck,"1474258838.000","anon_Printer_6"
"document_618",2,chuck,"1474258838.000","anon_Printer_6"
"document_619",2,chuck,"1474258839.000","anon_Printer_6"
"document_620",2,chuck,"1474258839.000","anon_Printer_6"
"document_621",2,chuck,"1474258979.000","anon_Printer_6"
"document_622",4,chuck,"1474258979.000","anon_Printer_6"
"document_623",6,chuck,"1474258979.000","anon_Printer_6"
"document_624",7,chuck,"1474259177.000","anon_Printer_9"
"document_625",6,chuck,"1474259177.000","anon_Printer_9"
"document_626",3,chuck,"1474259714.000","anon_Printer_6"
"document_627",3,chuck,"1474259714.000","anon_Printer_6"
"document_4",3,chuck,"1474259715.000","anon_Printer_6"
"document_629",3,chuck,"1474259715.000","anon_Printer_6"
"document_630",1,chuck,"1474259722.000","anon_Printer_6"
"document_631",1,chuck,"1474259722.000","anon_Printer_6"
"document_632",1,chuck,"1474259764.000","anon_Printer_6"
"document_633",1,chuck,"1474259764.000","anon_Printer_6"
"document_634",1,chuck,"1474259776.000","anon_Printer_6"
"document_635",1,chuck,"1474259776.000","anon_Printer_6"
"document_636",1,chuck,"1474260210.000","anon_Printer_2"
"document_637",1,chuck,"1474260210.000","anon_Printer_2"
"document_638",1,chuck,"1474260211.000","anon_Printer_2"
"document_639",1,chuck,"1474260211.000","anon_Printer_2"
"document_640",1,chuck,"1474260214.000","anon_Printer_2"
"document_641",1,chuck,"1474260214.000","anon_Printer_2"
"document_642",4,chuck,"1474260225.000","anon_Printer_4"
"document_643",4,chuck,"1474260225.000","anon_Printer_4"
"document_644",1,chuck,"1474260808.000","anon_Printer_1"
"document_4",1,chuck,"1474260808.000","anon_Printer_1"
"document_4",1,chuck,"1474261690.000","anon_Printer_3"
"document_647",1,chuck,"1474261690.000","anon_Printer_3"
"document_648",1,chuck,"1474261691.000","anon_Printer_3"
"document_649",1,chuck,"1474261691.000","anon_Printer_3"
"document_650",7,chuck,"1474261914.000","anon_Printer_9"
"document_651",16,chuck,"1474262154.000","anon_Printer_9"
"document_326",6,chuck,"1474262230.000","anon_Printer_9"
"document_653",6,chuck,"1474262230.000","anon_Printer_9"
"document_654",2,chuck,"1474262246.000","anon_Printer_9"
"document_655",3,chuck,"1474262246.000","anon_Printer_9"
"document_656",3,chuck,"1474262257.000","anon_Printer_9"
"document_657",2,chuck,"1474262257.000","anon_Printer_9"
"document_658",1,chuck,"1474262475.000","anon_Printer_9"
"document_659",6,chuck,"1474262655.000","anon_Printer_9"
"document_660",2,chuck,"1474262737.000","anon_Printer_7"
"document_661",1,chuck,"1474262754.000","anon_Printer_7"
"document_662",16,chuck,"1474262835.000","anon_Printer_9"
"document_663",4,chuck,"1474263144.000","anon_Printer_4"
"document_664",4,chuck,"1474263144.000","anon_Printer_4"
"document_665",7,chuck,"1474263146.000","anon_Printer_4"
"document_666",1,chuck,"1474263146.000","anon_Printer_4"
"document_334",6,chuck,"1474263146.000","anon_Printer_4"
"document_668",2,chuck,"1474263175.000","anon_Printer_6"
"document_4",2,chuck,"1474263175.000","anon_Printer_6"
"document_670",6,chuck,"1474263176.000","anon_Printer_6"
"document_671",6,chuck,"1474263176.000","anon_Printer_6"
"document_672",3,chuck,"1474263190.000","anon_Printer_5"
"document_673",3,chuck,"1474263190.000","anon_Printer_5"
"document_674",1,chuck,"1474263194.000","anon_Printer_4"
"document_675",7,chuck,"1474263194.000","anon_Printer_4"
"document_676",8,chuck,"1474263194.000","anon_Printer_4"
"document_677",1,chuck,"1474263635.000","anon_Printer_6"
"document_678",1,chuck,"1474263635.000","anon_Printer_6"
"document_679",1,chuck,"1474263636.000","anon_Printer_6"
"document_680",1,chuck,"1474263636.000","anon_Printer_6"
"document_681",4,chuck,"1474263773.000","anon_Printer_9"
"document_682",4,alice,"1474264185.000","anon_Printer_9"
"document_683",4,alice,"1474264185.000","anon_Printer_9"
"document_342",2,alice,"1474264195.000","anon_Printer_9"
"document_685",2,alice,"1474264195.000","anon_Printer_9"
"document_686",1,chuck,"1474264306.000","anon_Printer_2"
"document_687",2,chuck,"1474264306.000","anon_Printer_2"
"document_688",1,chuck,"1474264306.000","anon_Printer_2"
"document_689",1,chuck,"1474264412.000","anon_Printer_6"
"document_690",1,chuck,"1474264412.000","anon_Printer_6"
"document_691",14,chuck,"1474264437.000","anon_Printer_7"
"document_692",3,chuck,"1474264770.000","anon_Printer_1"
"document_693",3,chuck,"1474264770.000","anon_Printer_1"
"document_694",1,chuck,"1474264785.000","anon_Printer_9"
"document_695",1,chuck,"1474264837.000","anon_Printer_9"
"document_696",26,chuck,"1474264853.000","anon_Printer_1"
"document_697",26,chuck,"1474264853.000","anon_Printer_1"
"document_698",3,chuck,"1474264882.000","anon_Printer_4"
"document_699",3,chuck,"1474264882.000","anon_Printer_4"
"document_700",3,chuck,"1474264898.000","anon_Printer_4"
"document_701",3,chuck,"1474264898.000","anon_Printer_4"
"document_351",4,chuck,"1474264927.000","anon_Printer_4"
"document_703",4,chuck,"1474264927.000","anon_Printer_4"
"document_704",2,chuck,"1474265006.000","anon_Printer_9"
"document_705",1,chuck,"1474265027.000","anon_Printer_1"
"document_706",1,chuck,"1474265027.000","anon_Printer_1"
"document_707",1,chuck,"1474265028.000","anon_Printer_1"
"document_708",1,chuck,"1474265028.000","anon_Printer_1"
"document_709",9,chuck,"1474265061.000","anon_Printer_9"
"document_710",4,chuck,"1474265427.000","anon_Printer_7"
"document_711",2,chuck,"1474265457.000","anon_Printer_9"
"document_712",2,chuck,"1474265457.000","anon_Printer_9"
"document_713",3,chuck,"1474265541.000","anon_Printer_9"
"document_714",2,chuck,"1474265541.000","anon_Printer_9"
"document_715",13,chuck,"1474265695.000","anon_Printer_9"
"document_716",3,chuck,"1474265769.000","anon_Printer_9"
"document_717",2,chuck,"1474265769.000","anon_Printer_9"
"document_359",2,chuck,"1474266139.000","anon_Printer_3"
"document_719",1,chuck,"1474266139.000","anon_Printer_3"
"document_4",1,chuck,"1474266139.000","anon_Printer_3"
"document_721",1,chuck,"1474266139.000","anon_Printer_3"
"document_722",1,chuck,"1474266188.000","anon_Printer_3"
"document_723",1,chuck,"1474266188.000","anon_Printer_3"
"document_724",1,chuck,"1474266639.000","anon_Printer_2"
"document_725",1,chuck,"1474266639.000","anon_Printer_2"
"document_726",1,chuck,"1474266690.000","anon_Printer_2"
"document_727",1,chuck,"1474266690.000","anon_Printer_2"
"document_728",26,chuck,"1474266869.000","anon_Printer_6"
"document_729",26,chuck,"1474266869.000","anon_Printer_6"
"document_730",6,chuck,"1474267182.000","anon_Printer_7"
"document_731",7,chuck,"1474267207.000","anon_Printer_7"
"document_732",1,chuck,"1474267296.000","anon_Printer_4"
"document_733",1,chuck,"1474267296.000","anon_Printer_4"
"document_734",2,chuck,"1474267303.000","anon_Printer_1"
"document_735",2,chuck,"1474267303.000","anon_Printer_1"
"document_736",1,chuck,"1474267303.000","anon_Printer_1"
"document_737",1,chuck,"1474267332.000","anon_Printer_7"
"document_738",1,chuck,"1474267421.000","anon_Printer_7"
"document_739",6,chuck,"1474267890.000","anon_Printer_5"
"document_740",4,chuck,"1474267890.000","anon_Printer_5"
"document_741",2,chuck,"1474267890.000","anon_Printer_5"
"document_742",8,chuck,"1474267891.000","anon_Printer_5"
"document_743",8,chuck,"1474267891.000","anon_Printer_5"
"document_744",1,chuck,"1474267894.000","anon_Printer_5"
"document_745",4,chuck,"1474267894.000","anon_Printer_5"
"document_746",5,chuck,"1474267894.000","anon_Printer_5"
"document_747",16,chuck,"1474268044.000","anon_Printer_6"
"document_748",16,chuck,"1474268044.000","anon_Printer_6"
"document_749",1,chuck,"1474268106.000","anon_Printer_5"
"document_750",1,chuck,"1474268106.000","anon_Printer_5"
"document_751",1,chuck,"1474268109.000","anon_Printer_5"
"document_752",1,chuck,"1474268109.000","anon_Printer_5"
"document_753",4,chuck,"1474268165.000","anon_Printer_5"
"document_754",5,chuck,"1474268165.000","anon_Printer_5"
"document_755",1,chuck,"1474268165.000","anon_Printer_5"
"document_756",2,chuck,"1474268191.000","anon_Printer_4"
"document_757",2,chuck,"1474268191.000","anon_Printer_4"
"document_758",2,chuck,"1474268193.000","anon_Printer_4"
"document_759",2,chuck,"1474268193.000","anon_Printer_4"
"document_760",1,chuck,"1474268201.000","anon_Printer_3"
"document_761",1,chuck,"1474268201.000","anon_Printer_3"
"document_762",1,chuck,"1474268202.000","anon_Printer_3"
"document_763",1,chuck,"1474268202.000","anon_Printer_3"
"document_764",2,chuck,"1474268370.000","anon_Printer_4"
"document_765",4,chuck,"1474268370.000","anon_Printer_4"
"document_766",4,chuck,"1474268370.000","anon_Printer_4"
"document_767",2,chuck,"1474268681.000","anon_Printer_7"
"document_768",3,chuck,"1474268788.000","anon_Printer_4"
"document_769",4,chuck,"1474268788.000","anon_Printer_4"
"document_770",2,chuck,"1474268788.000","anon_Printer_4"
"document_771",6,chuck,"1474268788.000","anon_Printer_4"
"document_772",1,chuck,"1474268790.000","anon_Printer_4"
"document_773",2,chuck,"1474268790.000","anon_Printer_4"
"document_774",2,chuck,"1474268790.000","anon_Printer_4"
"document_775",2,chuck,"1474268790.000","anon_Printer_4"
"document_776",22,chuck,"1474268824.000","anon_Printer_9"
"document_777",22,chuck,"1474268824.000","anon_Printer_9"
"document_4",1,chuck,"1474268839.000","anon_Printer_7"
"document_779",1,chuck,"1474268839.000","anon_Printer_7"
"document_780",2,chuck,"1474268847.000","anon_Printer_1"
"document_781",3,chuck,"1474268847.000","anon_Printer_1"
"document_782",2,chuck,"1474268847.000","anon_Printer_1"
"document_783",2,chuck,"1474268849.000","anon_Printer_1"
"document_784",1,chuck,"1474268849.000","anon_Printer_1"
"document_785",2,chuck,"1474268849.000","anon_Printer_1"
"document_786",2,chuck,"1474268851.000","anon_Printer_1"
"document_787",1,chuck,"1474268851.000","anon_Printer_1"
"document_788",2,chuck,"1474268851.000","anon_Printer_1"
"document_789",4,chuck,"1474268852.000","anon_Printer_1"
"document_790",4,chuck,"1474268852.000","anon_Printer_1"
"document_791",2,chuck,"1474268852.000","anon_Printer_1"
"document_792",2,chuck,"1474268857.000","anon_Printer_6"
"document_793",2,chuck,"1474268857.000","anon_Printer_6"
"document_794",6,chuck,"1474268858.000","anon_Printer_6"
"document_795",6,chuck,"1474268858.000","anon_Printer_6"
"document_796",2,chuck,"1474269147.000","anon_Printer_9"
"document_797",2,chuck,"1474269302.000","anon_Printer_9"
"document_798",2,chuck,"1474269302.000","anon_Printer_9"
"document_799",4,chuck,"1474269371.000","anon_Printer_9"
"document_800",1,chuck,"1474269373.000","anon_Printer_1"
"document_801",1,chuck,"1474269373.000","anon_Printer_1"
"document_802",1,chuck,"1474269374.000","anon_Printer_1"
"document_803",1,chuck,"1474269374.000","anon_Printer_1"
"document_804",2,chuck,"1474269633.000","anon_Printer_2"
"document_805",2,chuck,"1474269633.000","anon_Printer_2"
"document_806",2,chuck,"1474269634.000","anon_Printer_2"
"document_807",2,chuck,"1474269634.000","anon_Printer_2"
"document_808",4,chuck,"1474269697.000","anon_Printer_4"
"document_809",4,chuck,"1474269697.000","anon_Printer_4"
"document_810",4,chuck,"1474269706.000","anon_Printer_1"
"document_811",4,chuck,"1474269706.000","anon_Printer_1"
"document_812",4,chuck,"1474269706.000","anon_Printer_1"
"document_813",8,chuck,"1474269706.000","anon_Printer_1"
"document_407",4,chuck,"1474269745.000","anon_Printer_9"
"document_815",4,chuck,"1474269745.000","anon_Printer_9"
"document_816",1,chuck,"1474269851.000","anon_Printer_1"
"document_817",1,chuck,"1474269851.000","anon_Printer_1"
"document_818",1,chuck,"1474269878.000","anon_Printer_1"
"document_819",1,chuck,"1474269878.000","anon_Printer_1"
"document_820",8,chuck,"1474270096.000","anon_Printer_1"
"document_821",4,chuck,"1474270096.000","anon_Printer_1"
"document_822",4,chuck,"1474270096.000","anon_Printer_1"
"document_823",4,chuck,"1474270096.000","anon_Printer_1"
"document_824",50,chuck,"1474270448.000","anon_Printer_9"
"document_825",51,chuck,"1474270448.000","anon_Printer_9"
"document_826",2,chuck,"1474270474.000","anon_Printer_7"
"document_827",12,chuck,"1474270522.000","anon_Printer_6"
"document_828",12,chuck,"1474270522.000","anon_Printer_6"
"document_829",5,chuck,"1474270652.000","anon_Printer_7"
"document_830",8,chuck,"1474270826.000","anon_Printer_5"
"document_831",4,chuck,"1474270826.000","anon_Printer_5"
"document_832",4,chuck,"1474270826.000","anon_Printer_5"
"document_833",4,chuck,"1474270826.000","anon_Printer_5"
"document_834",2,chuck,"1474270827.000","anon_Printer_5"
"document_835",3,chuck,"1474270827.000","anon_Printer_5"
"document_836",2,chuck,"1474270827.000","anon_Printer_5"
"document_837",4,chuck,"1474270856.000","anon_Printer_9"
"document_838",2,chuck,"1474271261.000","anon_Printer_2"
"document_839",2,chuck,"1474271261.000","anon_Printer_2"
"document_840",1,chuck,"1474272037.000","anon_Printer_3"
"document_841",1,chuck,"1474272037.000","anon_Printer_3"
"document_842",1,chuck,"1474272038.000","anon_Printer_3"
"document_843",1,chuck,"1474272038.000","anon_Printer_3"
"document_844",2,chuck,"1474272160.000","anon_Printer_2"
"document_845",1,chuck,"1474272160.000","anon_Printer_2"
"document_846",2,chuck,"1474272160.000","anon_Printer_2"
"document_847",499,chuck,"1474272227.000","anon_Printer_2"
"document_848",998,chuck,"1474272227.000","anon_Printer_2"
"document_849",998,chuck,"1474272227.000","anon_Printer_2"
"document_850",16,chuck,"1474272658.000","anon_Printer_3"
"document_851",8,chuck,"1474272658.000","anon_Printer_3"
"document_852",1,chuck,"1474272658.000","anon_Printer_3"
"document_4",15,chuck,"1474272658.000","anon_Printer_3"
"document_854",22,chuck,"1474272659.000","anon_Printer_3"
"document_855",11,chuck,"1474272659.000","anon_Printer_3"
"document_856",1,chuck,"1474272659.000","anon_Printer_3"
"document_857",21,chuck,"1474272659.000","anon_Printer_3"
"document_858",1,chuck,"1474272863.000","anon_Printer_3"
"document_859",2,chuck,"1474272863.000","anon_Printer_3"
"document_860",2,chuck,"1474272863.000","anon_Printer_3"
"document_861",2,chuck,"1474272972.000","anon_Printer_3"
"document_862",1,chuck,"1474272972.000","anon_Printer_3"
"document_863",2,chuck,"1474272972.000","anon_Printer_3"
"document_864",1,chuck,"1474273065.000","anon_Printer_3"
"document_865",2,chuck,"1474273065.000","anon_Printer_3"
"document_866",2,chuck,"1474273065.000","anon_Printer_3"
"document_867",2,chuck,"1474273125.000","anon_Printer_3"
"document_868",1,chuck,"1474273125.000","anon_Printer_3"
"document_869",2,chuck,"1474273125.000","anon_Printer_3"
"document_870",11,chuck,"1474273823.000","anon_Printer_7"
"document_871",5,chuck,"1474273911.000","anon_Printer_6"
"document_872",5,chuck,"1474273911.000","anon_Printer_6"
"document_873",1,chuck,"1474273940.000","anon_Printer_3"
"document_874",1,chuck,"1474273940.000","anon_Printer_3"
"document_875",1,chuck,"1474273960.000","anon_Printer_1"
"document_876",1,chuck,"1474273960.000","anon_Printer_1"
"document_877",1,chuck,"1474273961.000","anon_Printer_1"
"document_878",1,chuck,"1474273961.000","anon_Printer_1"
"document_879",2,chuck,"1474274413.000","anon_Printer_2"
"document_880",2,chuck,"1474274413.000","anon_Printer_2"
"document_881",5,chuck,"1474274503.000","anon_Printer_8"
"document_882",1,chuck,"1474275016.000","anon_Printer_6"
"document_883",2,chuck,"1474275016.000","anon_Printer_6"
"document_884",1,chuck,"1474275016.000","anon_Printer_6"
"document_885",3,alice,"1474275052.000","anon_Printer_9"
"document_886",2,alice,"1474275052.000","anon_Printer_9"
"document_887",6,chuck,"1474275423.000","anon_Printer_9"
"document_888",5,chuck,"1474276508.000","anon_Printer_9"
"document_889",7,chuck,"1474276722.000","anon_Printer_9"
"document_890",7,chuck,"1474276764.000","anon_Printer_9"
"document_891",1,chuck,"1474276952.000","anon_Printer_1"
"document_892",1,chuck,"1474276952.000","anon_Printer_1"
"document_893",2,chuck,"1474277027.000","anon_Printer_2"
"document_894",2,chuck,"1474277027.000","anon_Printer_2"
"document_895",1,chuck,"1474277045.000","anon_Printer_1"
"document_896",1,chuck,"1474277045.000","anon_Printer_1"
"document_897",2,chuck,"1474277268.000","anon_Printer_2"
"document_898",1,chuck,"1474277268.000","anon_Printer_2"
"document_899",2,chuck,"1474277268.000","anon_Printer_2"
"document_900",4,chuck,"1474277269.000","anon_Printer_2"
"document_901",2,chuck,"1474277269.000","anon_Printer_2"
"document_902",4,chuck,"1474277269.000","anon_Printer_2"
"document_903",2,chuck,"1474277317.000","anon_Printer_2"
"document_904",1,chuck,"1474277317.000","anon_Printer_2"
"document_905",3,chuck,"1474277317.000","anon_Printer_2"
"document_906",1,chuck,"1474277319.000","anon_Printer_2"
"document_907",1,chuck,"1474277319.000","anon_Printer_2"
"document_908",16,chuck,"1474277681.000","anon_Printer_7"
"document_909",17,chuck,"1474277681.000","anon_Printer_7"
"document_910",1,chuck,"1474277737.000","anon_Printer_1"
"document_911",1,chuck,"1474277737.000","anon_Printer_1"
"document_912",4,chuck,"1474278289.000","anon_Printer_9"
"document_913",1,chuck,"1474278553.000","anon_Printer_4"
"document_914",1,chuck,"1474278553.000","anon_Printer_4"
"document_915",4,chuck,"1474278628.000","anon_Printer_7"
"document_916",1,chuck,"1474278677.000","anon_Printer_4"
"document_917",1,chuck,"1474278677.000","anon_Printer_4"
"document_918",6,chuck,"1474278788.000","anon_Printer_4"
"document_919",3,chuck,"1474278788.000","anon_Printer_4"
"document_920",1,chuck,"1474278788.000","anon_Printer_4"
"document_921",5,chuck,"1474278788.000","anon_Printer_4"
"document_922",2,chuck,"1474278853.000","anon_Printer_4"
"document_923",1,chuck,"1474278853.000","anon_Printer_4"
"document_924",2,chuck,"1474278853.000","anon_Printer_4"
"document_925",1,chuck,"1474278859.000","anon_Printer_4"
"document_926",56,chuck,"1474278859.000","anon_Printer_4"
"document_464",55,chuck,"1474278859.000","anon_Printer_4"
"document_928",28,chuck,"1474278859.000","anon_Printer_4"
"document_929",9,chuck,"1474278989.000","anon_Printer_9"
"document_930",8,chuck,"1474278989.000","anon_Printer_9"
"document_931",19,chuck,"1474279234.000","anon_Printer_7"
"document_932",3,chuck,"1474279809.000","anon_Printer_3"
"document_933",3,chuck,"1474279809.000","anon_Printer_3"
"document_4",1,chuck,"1474279832.000","anon_Printer_4"
"document_935",1,chuck,"1474279832.000","anon_Printer_4"
"document_936",8,chuck,"1474279908.000","anon_Printer_9"
"document_937",1,chuck,"1474280170.000","anon_Printer_7"
"document_938",2,chuck,"1474280182.000","anon_Printer_7"
"document_939",3,chuck,"1474280193.000","anon_Printer_7"
"document_940",4,chuck,"1474280372.000","anon_Printer_4"
"document_941",4,chuck,"1474280372.000","anon_Printer_4"
"document_942",3,chuck,"1474280373.000","anon_Printer_4"
"document_943",3,chuck,"1474280373.000","anon_Printer_4"
"document_944",2,chuck,"1474280783.000","anon_Printer_6"
"document_945",2,chuck,"1474280783.000","anon_Printer_6"
"document_946",1,chuck,"1474281065.000","anon_Printer_7"
"document_947",1,chuck,"1474281467.000","anon_Printer_4"
"document_948",1,chuck,"1474281467.000","anon_Printer_4"
"document_4",2,chuck,"1474283690.000","anon_Printer_2"
"document_950",2,chuck,"1474283690.000","anon_Printer_2"
"document_951",27,chuck,"1474283732.000","anon_Printer_4"
"document_952",1,chuck,"1474283732.000","anon_Printer_4"
"document_953",26,chuck,"1474283732.000","anon_Printer_4"
"document_954",1,chuck,"1474283764.000","anon_Printer_1"
"document_955",1,chuck,"1474283764.000","anon_Printer_1"
"document_956",1,chuck,"1474283766.000","anon_Printer_1"
"document_957",1,chuck,"1474283766.000","anon_Printer_1"
"document_958",1,chuck,"1474283767.000","anon_Printer_1"
"document_959",1,chuck,"1474283767.000","anon_Printer_1"
"document_960",1,chuck,"1474283768.000","anon_Printer_1"
"document_961",2,chuck,"1474283768.000","anon_Printer_1"
"document_962",2,chuck,"1474283768.000","anon_Printer_1"
"document_963",1,chuck,"1474283769.000","anon_Printer_1"
"document_964",1,chuck,"1474283769.000","anon_Printer_1"
"document_965",1,chuck,"1474283769.000","anon_Printer_1"
"document_966",2,chuck,"1474283769.000","anon_Printer_1"
"document_967",3,chuck,"1474283771.000","anon_Printer_1"
"document_968",3,chuck,"1474283771.000","anon_Printer_1"
"document_969",2,chuck,"1474283773.000","anon_Printer_1"
"document_970",1,chuck,"1474283773.000","anon_Printer_1"
"document_971",2,chuck,"1474283773.000","anon_Printer_1"
"document_972",2,chuck,"1474283775.000","anon_Printer_1"
"document_973",1,chuck,"1474283775.000","anon_Printer_1"
"document_974",1,chuck,"1474283775.000","anon_Printer_1"
"document_975",1,chuck,"1474283775.000","anon_Printer_1"
"document_976",1,chuck,"1474284752.000","anon_Printer_6"
"document_977",1,chuck,"1474284752.000","anon_Printer_6"
"document_978",1,chuck,"1474284753.000","anon_Printer_6"
"document_979",1,chuck,"1474284753.000","anon_Printer_6"
"document_980",1,chuck,"1474284754.000","anon_Printer_6"
"document_981",1,chuck,"1474284754.000","anon_Printer_6"
"document_982",3,chuck,"1474284756.000","anon_Printer_6"
"document_983",3,chuck,"1474284756.000","anon_Printer_6"
"document_984",3,chuck,"1474284757.000","anon_Printer_6"
"document_985",3,chuck,"1474284757.000","anon_Printer_6"
"document_986",3,chuck,"1474284758.000","anon_Printer_6"
"document_987",3,chuck,"1474284758.000","anon_Printer_6"
"document_988",3,chuck,"1474284759.000","anon_Printer_6"
"document_989",3,chuck,"1474284759.000","anon_Printer_6"
"document_990",3,chuck,"1474284760.000","anon_Printer_6"
"document_991",3,chuck,"1474284760.000","anon_Printer_6"
"document_992",1,chuck,"1474284761.000","anon_Printer_6"
"document_993",1,chuck,"1474284761.000","anon_Printer_6"
"document_994",1,chuck,"1474284763.000","anon_Printer_6"
"document_995",1,chuck,"1474284763.000","anon_Printer_6"
"document_996",1,chuck,"1474284764.000","anon_Printer_6"
"document_997",1,chuck,"1474284764.000","anon_Printer_6"
"document_998",17,chuck,"1474286110.000","anon_Printer_7"
"document_999",1,chuck,"1474286401.000","anon_Printer_6"
"document_1000",1,chuck,"1474286401.000","anon_Printer_6"
"document_1001",1,chuck,"1474286402.000","anon_Printer_6"
"document_1002",1,chuck,"1474286402.000","anon_Printer_6"
"document_1003",1,chuck,"1474286404.000","anon_Printer_6"
"document_1004",1,chuck,"1474286404.000","anon_Printer_6"
"document_1005",1,chuck,"1474286431.000","anon_Printer_8"
"document_1006",1,chuck,"1474286431.000","anon_Printer_8"
