EventCode,EventType,Message,OpCode,RecordNumber,"_time","anonymized_ComputerName",source,sourcetype
20001,4,"Driver Management concluded the process to install driver kdnic.inf_amd64_ea6e04e0dfe580a1\kdnic.inf for Device Instance ID ROOT\KDNIC\0000 with the following status: 0x0.",Info,4226,"1458590054.000","anon_ComputerName_13","WinEventLog:System","WinEventLog:System"
20001,4,"Driver Management concluded the process to install driver nettun.inf_amd64_39a76f4fea741eb0\nettun.inf for Device Instance ID SWD\IP_TUNNEL_VBUS\TEREDO_TUNNEL_DEVICE with the following status: 0x0.",Info,4343,"1458590112.000","anon_ComputerName_9","WinEventLog:System","WinEventLog:System"
20001,4,"Driver Management concluded the process to install driver nettun.inf_amd64_39a76f4fea741eb0\nettun.inf for Device Instance ID SWD\IP_TUNNEL_VBUS\ISATAP_0 with the following status: 0x0.",Info,4340,"1458590112.000","anon_ComputerName_9","WinEventLog:System","WinEventLog:System"
20001,4,"Driver Management concluded the process to install driver nettun.inf_amd64_39a76f4fea741eb0\nettun.inf for Device Instance ID SWD\IP_TUNNEL_VBUS\ISATAP_1 with the following status: 0x0.",Info,4385,"1458596139.000","anon_ComputerName_9","WinEventLog:System","WinEventLog:System"
20001,4,"Driver Management concluded the process to install driver FileRepository\vmci.inf_amd64_neutral_faff95b55e0fdc1f\vmci.inf for Device Instance ID ROOT\VMWVMCIHOSTDEV\0000 with the following status: 0x0.",Info,39802,"1458944487.000","anon_ComputerName_6","WinEventLog:System","WinEventLog:System"
20001,4,"Driver Management concluded the process to install driver FileRepository\vmci.inf_amd64_neutral_faff95b55e0fdc1f\vmci.inf for Device Instance ID PCI\VEN_15AD&DEV_0740&SUBSYS_074015AD&REV_10\3&2B8E0B4B&0&3F with the following status: 0x0.",Info,39799,"1458944487.000","anon_ComputerName_6","WinEventLog:System","WinEventLog:System"
20001,4,"Driver Management concluded the process to install driver FileRepository\vmxnet3ndis6.inf_amd64_neutral_06f9d7f40b2ce86c\vmxnet3ndis6.inf for Device Instance ID PCI\VEN_15AD&DEV_07B0&SUBSYS_07B015AD&REV_01\FF565000482CAEFE00 with the following status: 0x0.",Info,39811,"1458944492.000","anon_ComputerName_6","WinEventLog:System","WinEventLog:System"
20001,4,"Driver Management concluded the process to install driver FileRepository\vm3d.inf_amd64_neutral_ba63fe4978c9d598\vm3d.inf for Device Instance ID PCI\VEN_15AD&DEV_0405&SUBSYS_040515AD&REV_00\3&2B8E0B4B&0&78 with the following status: 0x0.",Info,39815,"1458944500.000","anon_ComputerName_6","WinEventLog:System","WinEventLog:System"
20001,4,"Driver Management concluded the process to install driver kdnic.inf_amd64_ea6e04e0dfe580a1\kdnic.inf for Device Instance ID ROOT\KDNIC\0000 with the following status: 0x0.",Info,4587,"1468273697.000","anon_ComputerName_12","WinEventLog:System","WinEventLog:System"
20001,4,"Driver Management concluded the process to install driver nettun.inf_amd64_39a76f4fea741eb0\nettun.inf for Device Instance ID SWD\IP_TUNNEL_VBUS\ISATAP_0 with the following status: 0x0.",Info,4709,"1468273738.000","anon_ComputerName_8","WinEventLog:System","WinEventLog:System"
20001,4,"Driver Management concluded the process to install driver nettun.inf_amd64_39a76f4fea741eb0\nettun.inf for Device Instance ID SWD\IP_TUNNEL_VBUS\TEREDO_TUNNEL_DEVICE with the following status: 0x0.",Info,4752,"1468279890.000","anon_ComputerName_8","WinEventLog:System","WinEventLog:System"
20001,4,"Driver Management concluded the process to install driver nettun.inf_amd64_39a76f4fea741eb0\nettun.inf for Device Instance ID SWD\IP_TUNNEL_VBUS\TEREDO_TUNNEL_DEVICE with the following status: 0x0.",Info,192363,"1468550286.000","anon_ComputerName_7","WinEventLog:System","WinEventLog:System"
20001,4,"Driver Management concluded the process to install driver nettun.inf_amd64_39a76f4fea741eb0\nettun.inf for Device Instance ID SWD\IP_TUNNEL_VBUS\ISATAP_1 with the following status: 0x0.",Info,193871,"1470187643.000","anon_ComputerName_7","WinEventLog:System","WinEventLog:System"
20001,4,"Driver Management concluded the process to install driver nettun.inf_amd64_39a76f4fea741eb0\nettun.inf for Device Instance ID SWD\IP_TUNNEL_VBUS\ISATAP_2 with the following status: 0x0.",Info,193878,"1470187660.000","anon_ComputerName_7","WinEventLog:System","WinEventLog:System"
20001,4,"Driver Management concluded the process to install driver wpdfs.inf_amd64_0e729876a834cfea\wpdfs.inf for Device Instance ID SWD\WPDBUSENUM\{101D6466-7341-11E5-80E0-005056BD58CA}#0000000008010000 with the following status: 0x0.",Info,97669,"1471245890.000","anon_ComputerName_4","WinEventLog:System","WinEventLog:System"
20001,4,"Driver Management concluded the process to install driver wpdfs.inf_amd64_0e729876a834cfea\wpdfs.inf for Device Instance ID SWD\WPDBUSENUM\{101D6467-7341-11E5-80E0-005056BD58CA}#0000000008010000 with the following status: 0x0.",Info,97676,"1471245891.000","anon_ComputerName_4","WinEventLog:System","WinEventLog:System"
20001,4,"Driver Management concluded the process to install driver wpdfs.inf_amd64_0e729876a834cfea\wpdfs.inf for Device Instance ID SWD\WPDBUSENUM\{8D2E0165-75E4-11E5-80E1-0050569501D2}#0000000008010000 with the following status: 0x0.",Info,130865,"1472077249.000","anon_ComputerName_2","WinEventLog:System","WinEventLog:System"
20001,4,"Driver Management concluded the process to install driver wpdfs.inf_amd64_0e729876a834cfea\wpdfs.inf for Device Instance ID SWD\WPDBUSENUM\{101D6466-7341-11E5-80E0-005056BD58CA}#0000000008010000 with the following status: 0x0.",Info,100063,"1472164958.000","anon_ComputerName_4","WinEventLog:System","WinEventLog:System"
20001,4,"Driver Management concluded the process to install driver wpdfs.inf_amd64_0e729876a834cfea\wpdfs.inf for Device Instance ID SWD\WPDBUSENUM\{101D6467-7341-11E5-80E0-005056BD58CA}#0000000008010000 with the following status: 0x0.",Info,100070,"1472164959.000","anon_ComputerName_4","WinEventLog:System","WinEventLog:System"
20001,4,"Driver Management concluded the process to install driver wpdfs.inf_amd64_0e729876a834cfea\wpdfs.inf for Device Instance ID SWD\WPDBUSENUM\{8D2E0165-75E4-11E5-80E1-0050569501D2}#0000000008010000 with the following status: 0x0.",Info,131093,"1472165404.000","anon_ComputerName_2","WinEventLog:System","WinEventLog:System"
20001,4,"Driver Management concluded the process to install driver wpdfs.inf_amd64_0e729876a834cfea\wpdfs.inf for Device Instance ID SWD\WPDBUSENUM\{8D2E0165-75E4-11E5-80E1-0050569501D2}#0000000008010000 with the following status: 0x0.",Info,131112,"1472166111.000","anon_ComputerName_2","WinEventLog:System","WinEventLog:System"
20001,4,"Driver Management concluded the process to install driver wpdfs.inf_amd64_0e729876a834cfea\wpdfs.inf for Device Instance ID SWD\WPDBUSENUM\{8444A418-75E4-11E5-80E1-005056957DCE}#0000000008010000 with the following status: 0x0.",Info,89939,"1472168766.000","anon_ComputerName_3","WinEventLog:System","WinEventLog:System"
20001,4,"Driver Management concluded the process to install driver wpdfs.inf_amd64_0e729876a834cfea\wpdfs.inf for Device Instance ID SWD\WPDBUSENUM\{8444A419-75E4-11E5-80E1-005056957DCE}#0000000008010000 with the following status: 0x0.",Info,89944,"1472168767.000","anon_ComputerName_3","WinEventLog:System","WinEventLog:System"
20001,4,"Driver Management concluded the process to install driver wpdfs.inf_amd64_0e729876a834cfea\wpdfs.inf for Device Instance ID SWD\WPDBUSENUM\{101D6466-7341-11E5-80E0-005056BD58CA}#0000000008010000 with the following status: 0x0.",Info,100119,"1472168776.000","anon_ComputerName_4","WinEventLog:System","WinEventLog:System"
20001,4,"Driver Management concluded the process to install driver wpdfs.inf_amd64_0e729876a834cfea\wpdfs.inf for Device Instance ID SWD\WPDBUSENUM\{101D6467-7341-11E5-80E0-005056BD58CA}#0000000008010000 with the following status: 0x0.",Info,100110,"1472168776.000","anon_ComputerName_4","WinEventLog:System","WinEventLog:System"
20001,4,"Driver Management concluded the process to install driver wpdfs.inf_amd64_0e729876a834cfea\wpdfs.inf for Device Instance ID SWD\WPDBUSENUM\{8444A418-75E4-11E5-80E1-005056957DCE}#0000000008010000 with the following status: 0x0.",Info,89973,"1472168950.000","anon_ComputerName_3","WinEventLog:System","WinEventLog:System"
20001,4,"Driver Management concluded the process to install driver wpdfs.inf_amd64_0e729876a834cfea\wpdfs.inf for Device Instance ID SWD\WPDBUSENUM\{8444A419-75E4-11E5-80E1-005056957DCE}#0000000008010000 with the following status: 0x0.",Info,89966,"1472168950.000","anon_ComputerName_3","WinEventLog:System","WinEventLog:System"
20001,4,"Driver Management concluded the process to install driver wpdfs.inf_amd64_0e729876a834cfea\wpdfs.inf for Device Instance ID SWD\WPDBUSENUM\{8444A419-75E4-11E5-80E1-005056957DCE}#0000000008010000 with the following status: 0x0.",Info,90005,"1472169386.000","anon_ComputerName_3","WinEventLog:System","WinEventLog:System"
20001,4,"Driver Management concluded the process to install driver wpdfs.inf_amd64_0e729876a834cfea\wpdfs.inf for Device Instance ID SWD\WPDBUSENUM\{8444A418-75E4-11E5-80E1-005056957DCE}#0000000008010000 with the following status: 0x0.",Info,90000,"1472169386.000","anon_ComputerName_3","WinEventLog:System","WinEventLog:System"
20001,4,"Driver Management concluded the process to install driver wpdfs.inf_amd64_0e729876a834cfea\wpdfs.inf for Device Instance ID SWD\WPDBUSENUM\{8D2E0165-75E4-11E5-80E1-0050569501D2}#0000000008010000 with the following status: 0x0.",Info,131151,"1472171455.000","anon_ComputerName_2","WinEventLog:System","WinEventLog:System"
20001,4,"Driver Management concluded the process to install driver wpdfs.inf_amd64_0e729876a834cfea\wpdfs.inf for Device Instance ID SWD\WPDBUSENUM\{8444A419-75E4-11E5-80E1-005056957DCE}#0000000008010000 with the following status: 0x0.",Info,90045,"1472172732.000","anon_ComputerName_3","WinEventLog:System","WinEventLog:System"
20001,4,"Driver Management concluded the process to install driver wpdfs.inf_amd64_0e729876a834cfea\wpdfs.inf for Device Instance ID SWD\WPDBUSENUM\{8444A418-75E4-11E5-80E1-005056957DCE}#0000000008010000 with the following status: 0x0.",Info,90052,"1472172733.000","anon_ComputerName_3","WinEventLog:System","WinEventLog:System"
20001,4,"Driver Management concluded the process to install driver wpdfs.inf_amd64_0e729876a834cfea\wpdfs.inf for Device Instance ID SWD\WPDBUSENUM\{8D2E0165-75E4-11E5-80E1-0050569501D2}#0000000008010000 with the following status: 0x0.",Info,131185,"1472174291.000","anon_ComputerName_2","WinEventLog:System","WinEventLog:System"
20001,4,"Driver Management concluded the process to install driver wpdfs.inf_amd64_0e729876a834cfea\wpdfs.inf for Device Instance ID SWD\WPDBUSENUM\{101D6467-7341-11E5-80E0-005056BD58CA}#0000000008010000 with the following status: 0x0.",Info,100167,"1472174442.000","anon_ComputerName_4","WinEventLog:System","WinEventLog:System"
20001,4,"Driver Management concluded the process to install driver wpdfs.inf_amd64_0e729876a834cfea\wpdfs.inf for Device Instance ID SWD\WPDBUSENUM\{101D6466-7341-11E5-80E0-005056BD58CA}#0000000008010000 with the following status: 0x0.",Info,100175,"1472174443.000","anon_ComputerName_4","WinEventLog:System","WinEventLog:System"
20001,4,"Driver Management concluded the process to install driver wpdfs.inf_amd64_0e729876a834cfea\wpdfs.inf for Device Instance ID SWD\WPDBUSENUM\{101D6466-7341-11E5-80E0-005056BD58CA}#0000000008010000 with the following status: 0x0.",Info,100212,"1472179706.000","anon_ComputerName_4","WinEventLog:System","WinEventLog:System"
20001,4,"Driver Management concluded the process to install driver wpdfs.inf_amd64_0e729876a834cfea\wpdfs.inf for Device Instance ID SWD\WPDBUSENUM\{101D6467-7341-11E5-80E0-005056BD58CA}#0000000008010000 with the following status: 0x0.",Info,100219,"1472179707.000","anon_ComputerName_4","WinEventLog:System","WinEventLog:System"
20001,4,"Driver Management concluded the process to install driver wpdfs.inf_amd64_0e729876a834cfea\wpdfs.inf for Device Instance ID SWD\WPDBUSENUM\{8444A419-75E4-11E5-80E1-005056957DCE}#0000000008010000 with the following status: 0x0.",Info,90103,"1472180721.000","anon_ComputerName_3","WinEventLog:System","WinEventLog:System"
20001,4,"Driver Management concluded the process to install driver wpdfs.inf_amd64_0e729876a834cfea\wpdfs.inf for Device Instance ID SWD\WPDBUSENUM\{8444A418-75E4-11E5-80E1-005056957DCE}#0000000008010000 with the following status: 0x0.",Info,90110,"1472180722.000","anon_ComputerName_3","WinEventLog:System","WinEventLog:System"
20001,4,"Driver Management concluded the process to install driver wpdfs.inf_amd64_0e729876a834cfea\wpdfs.inf for Device Instance ID SWD\WPDBUSENUM\{101D6466-7341-11E5-80E0-005056BD58CA}#0000000008010000 with the following status: 0x0.",Info,100376,"1472207025.000","anon_ComputerName_4","WinEventLog:System","WinEventLog:System"
20001,4,"Driver Management concluded the process to install driver wpdfs.inf_amd64_0e729876a834cfea\wpdfs.inf for Device Instance ID SWD\WPDBUSENUM\{101D6467-7341-11E5-80E0-005056BD58CA}#0000000008010000 with the following status: 0x0.",Info,100385,"1472207026.000","anon_ComputerName_4","WinEventLog:System","WinEventLog:System"
20001,4,"Driver Management concluded the process to install driver wpdfs.inf_amd64_0e729876a834cfea\wpdfs.inf for Device Instance ID SWD\WPDBUSENUM\{8D2E0165-75E4-11E5-80E1-0050569501D2}#0000000008010000 with the following status: 0x0.",Info,132904,"1472499346.000","anon_ComputerName_2","WinEventLog:System","WinEventLog:System"
20001,4,"Driver Management concluded the process to install driver wpdfs.inf_amd64_0e729876a834cfea\wpdfs.inf for Device Instance ID SWD\WPDBUSENUM\{8444A419-75E4-11E5-80E1-005056957DCE}#0000000008010000 with the following status: 0x0.",Info,92701,"1472499546.000","anon_ComputerName_3","WinEventLog:System","WinEventLog:System"
20001,4,"Driver Management concluded the process to install driver wpdfs.inf_amd64_0e729876a834cfea\wpdfs.inf for Device Instance ID SWD\WPDBUSENUM\{8444A418-75E4-11E5-80E1-005056957DCE}#0000000008010000 with the following status: 0x0.",Info,92706,"1472499547.000","anon_ComputerName_3","WinEventLog:System","WinEventLog:System"
20001,4,"Driver Management concluded the process to install driver wpdfs.inf_amd64_0e729876a834cfea\wpdfs.inf for Device Instance ID SWD\WPDBUSENUM\{101D6467-7341-11E5-80E0-005056BD58CA}#0000000008010000 with the following status: 0x0.",Info,102062,"1472500344.000","anon_ComputerName_4","WinEventLog:System","WinEventLog:System"
20001,4,"Driver Management concluded the process to install driver wpdfs.inf_amd64_0e729876a834cfea\wpdfs.inf for Device Instance ID SWD\WPDBUSENUM\{101D6466-7341-11E5-80E0-005056BD58CA}#0000000008010000 with the following status: 0x0.",Info,102069,"1472500345.000","anon_ComputerName_4","WinEventLog:System","WinEventLog:System"
20001,4,"Driver Management concluded the process to install driver wpdfs.inf_amd64_0e729876a834cfea\wpdfs.inf for Device Instance ID SWD\WPDBUSENUM\{8D2E0165-75E4-11E5-80E1-0050569501D2}#0000000008010000 with the following status: 0x0.",Info,132937,"1472505468.000","anon_ComputerName_2","WinEventLog:System","WinEventLog:System"
20001,4,"Driver Management concluded the process to install driver wpdfs.inf_amd64_0e729876a834cfea\wpdfs.inf for Device Instance ID SWD\WPDBUSENUM\{8444A418-75E4-11E5-80E1-005056957DCE}#0000000008010000 with the following status: 0x0.",Info,92733,"1472506209.000","anon_ComputerName_3","WinEventLog:System","WinEventLog:System"
20001,4,"Driver Management concluded the process to install driver wpdfs.inf_amd64_0e729876a834cfea\wpdfs.inf for Device Instance ID SWD\WPDBUSENUM\{8444A419-75E4-11E5-80E1-005056957DCE}#0000000008010000 with the following status: 0x0.",Info,92740,"1472506210.000","anon_ComputerName_3","WinEventLog:System","WinEventLog:System"
20001,4,"Driver Management concluded the process to install driver nettun.inf_amd64_39a76f4fea741eb0\nettun.inf for Device Instance ID SWD\IP_TUNNEL_VBUS\ISATAP_0 with the following status: 0x0.",Info,565638,"1472512022.000","anon_ComputerName_11","WinEventLog:System","WinEventLog:System"
20001,4,"Driver Management concluded the process to install driver wpdfs.inf_amd64_0e729876a834cfea\wpdfs.inf for Device Instance ID SWD\WPDBUSENUM\{8444A418-75E4-11E5-80E1-005056957DCE}#0000000008010000 with the following status: 0x0.",Info,92851,"1472538463.000","anon_ComputerName_3","WinEventLog:System","WinEventLog:System"
20001,4,"Driver Management concluded the process to install driver wpdfs.inf_amd64_0e729876a834cfea\wpdfs.inf for Device Instance ID SWD\WPDBUSENUM\{8444A419-75E4-11E5-80E1-005056957DCE}#0000000008010000 with the following status: 0x0.",Info,92856,"1472538464.000","anon_ComputerName_3","WinEventLog:System","WinEventLog:System"
20001,4,"Driver Management concluded the process to install driver wpdfs.inf_amd64_0e729876a834cfea\wpdfs.inf for Device Instance ID SWD\WPDBUSENUM\{8444A418-75E4-11E5-80E1-005056957DCE}#0000000008010000 with the following status: 0x0.",Info,93203,"1472546211.000","anon_ComputerName_3","WinEventLog:System","WinEventLog:System"
20001,4,"Driver Management concluded the process to install driver wpdfs.inf_amd64_0e729876a834cfea\wpdfs.inf for Device Instance ID SWD\WPDBUSENUM\{8444A419-75E4-11E5-80E1-005056957DCE}#0000000008010000 with the following status: 0x0.",Info,93210,"1472546213.000","anon_ComputerName_3","WinEventLog:System","WinEventLog:System"
20001,4,"Driver Management concluded the process to install driver wpdfs.inf_amd64_0e729876a834cfea\wpdfs.inf for Device Instance ID SWD\WPDBUSENUM\{8444A419-75E4-11E5-80E1-005056957DCE}#0000000008010000 with the following status: 0x0.",Info,93224,"1472546214.000","anon_ComputerName_3","WinEventLog:System","WinEventLog:System"
20001,4,"Driver Management concluded the process to install driver wpdfs.inf_amd64_0e729876a834cfea\wpdfs.inf for Device Instance ID SWD\WPDBUSENUM\{8444A418-75E4-11E5-80E1-005056957DCE}#0000000008010000 with the following status: 0x0.",Info,93219,"1472546214.000","anon_ComputerName_3","WinEventLog:System","WinEventLog:System"
20001,4,"Driver Management concluded the process to install driver wpdfs.inf_amd64_0e729876a834cfea\wpdfs.inf for Device Instance ID SWD\WPDBUSENUM\{8444A419-75E4-11E5-80E1-005056957DCE}#0000000008010000 with the following status: 0x0.",Info,93265,"1472546751.000","anon_ComputerName_3","WinEventLog:System","WinEventLog:System"
20001,4,"Driver Management concluded the process to install driver wpdfs.inf_amd64_0e729876a834cfea\wpdfs.inf for Device Instance ID SWD\WPDBUSENUM\{8444A418-75E4-11E5-80E1-005056957DCE}#0000000008010000 with the following status: 0x0.",Info,93270,"1472546752.000","anon_ComputerName_3","WinEventLog:System","WinEventLog:System"
20001,4,"Driver Management concluded the process to install driver wpdfs.inf_amd64_0e729876a834cfea\wpdfs.inf for Device Instance ID SWD\WPDBUSENUM\{8444A418-75E4-11E5-80E1-005056957DCE}#0000000008010000 with the following status: 0x0.",Info,93438,"1472560074.000","anon_ComputerName_3","WinEventLog:System","WinEventLog:System"
20001,4,"Driver Management concluded the process to install driver wpdfs.inf_amd64_0e729876a834cfea\wpdfs.inf for Device Instance ID SWD\WPDBUSENUM\{8444A419-75E4-11E5-80E1-005056957DCE}#0000000008010000 with the following status: 0x0.",Info,93431,"1472560074.000","anon_ComputerName_3","WinEventLog:System","WinEventLog:System"
20001,4,"Driver Management concluded the process to install driver wpdfs.inf_amd64_0e729876a834cfea\wpdfs.inf for Device Instance ID SWD\WPDBUSENUM\{8D2E0165-75E4-11E5-80E1-0050569501D2}#0000000008010000 with the following status: 0x0.",Info,134152,"1472584535.000","anon_ComputerName_2","WinEventLog:System","WinEventLog:System"
20001,4,"Driver Management concluded the process to install driver wpdfs.inf_amd64_0e729876a834cfea\wpdfs.inf for Device Instance ID SWD\WPDBUSENUM\{8D2E0165-75E4-11E5-80E1-0050569501D2}#0000000008010000 with the following status: 0x0.",Info,136008,"1472687413.000","anon_ComputerName_2","WinEventLog:System","WinEventLog:System"
20001,4,"Driver Management concluded the process to install driver wpdfs.inf_amd64_0e729876a834cfea\wpdfs.inf for Device Instance ID SWD\WPDBUSENUM\{8D2E0165-75E4-11E5-80E1-0050569501D2}#0000000008010000 with the following status: 0x0.",Info,136024,"1472687583.000","anon_ComputerName_2","WinEventLog:System","WinEventLog:System"
20001,4,"Driver Management concluded the process to install driver wpdfs.inf_amd64_0e729876a834cfea\wpdfs.inf for Device Instance ID SWD\WPDBUSENUM\{8D2E0165-75E4-11E5-80E1-0050569501D2}#0000000008010000 with the following status: 0x0.",Info,136049,"1472689297.000","anon_ComputerName_2","WinEventLog:System","WinEventLog:System"
20001,4,"Driver Management concluded the process to install driver wpdfs.inf_amd64_0e729876a834cfea\wpdfs.inf for Device Instance ID SWD\WPDBUSENUM\{8444A418-75E4-11E5-80E1-005056957DCE}#0000000008010000 with the following status: 0x0.",Info,95473,"1473229607.000","anon_ComputerName_3","WinEventLog:System","WinEventLog:System"
20001,4,"Driver Management concluded the process to install driver wpdfs.inf_amd64_0e729876a834cfea\wpdfs.inf for Device Instance ID SWD\WPDBUSENUM\{8444A419-75E4-11E5-80E1-005056957DCE}#0000000008010000 with the following status: 0x0.",Info,95468,"1473229607.000","anon_ComputerName_3","WinEventLog:System","WinEventLog:System"
20001,4,"Driver Management concluded the process to install driver wpdfs.inf_amd64_0e729876a834cfea\wpdfs.inf for Device Instance ID SWD\WPDBUSENUM\{101D6467-7341-11E5-80E0-005056BD58CA}#0000000008010000 with the following status: 0x0.",Info,104415,"1473231828.000","anon_ComputerName_4","WinEventLog:System","WinEventLog:System"
20001,4,"Driver Management concluded the process to install driver wpdfs.inf_amd64_0e729876a834cfea\wpdfs.inf for Device Instance ID SWD\WPDBUSENUM\{101D6466-7341-11E5-80E0-005056BD58CA}#0000000008010000 with the following status: 0x0.",Info,104422,"1473231835.000","anon_ComputerName_4","WinEventLog:System","WinEventLog:System"
20001,4,"Driver Management concluded the process to install driver wpdfs.inf_amd64_0e729876a834cfea\wpdfs.inf for Device Instance ID SWD\WPDBUSENUM\{8D2E0165-75E4-11E5-80E1-0050569501D2}#0000000008010000 with the following status: 0x0.",Info,137835,"1473232199.000","anon_ComputerName_2","WinEventLog:System","WinEventLog:System"
20001,4,"Driver Management concluded the process to install driver wpdfs.inf_amd64_0e729876a834cfea\wpdfs.inf for Device Instance ID SWD\WPDBUSENUM\{8D2E0165-75E4-11E5-80E1-0050569501D2}#0000000008010000 with the following status: 0x0.",Info,137875,"1473232477.000","anon_ComputerName_2","WinEventLog:System","WinEventLog:System"
20001,4,"Driver Management concluded the process to install driver wpdfs.inf_amd64_0e729876a834cfea\wpdfs.inf for Device Instance ID SWD\WPDBUSENUM\{101D6466-7341-11E5-80E0-005056BD58CA}#0000000008010000 with the following status: 0x0.",Info,104463,"1473233153.000","anon_ComputerName_4","WinEventLog:System","WinEventLog:System"
20001,4,"Driver Management concluded the process to install driver wpdfs.inf_amd64_0e729876a834cfea\wpdfs.inf for Device Instance ID SWD\WPDBUSENUM\{101D6467-7341-11E5-80E0-005056BD58CA}#0000000008010000 with the following status: 0x0.",Info,104458,"1473233153.000","anon_ComputerName_4","WinEventLog:System","WinEventLog:System"
20001,4,"Driver Management concluded the process to install driver wpdfs.inf_amd64_0e729876a834cfea\wpdfs.inf for Device Instance ID SWD\WPDBUSENUM\{8444A419-75E4-11E5-80E1-005056957DCE}#0000000008010000 with the following status: 0x0.",Info,95828,"1473233906.000","anon_ComputerName_3","WinEventLog:System","WinEventLog:System"
20001,4,"Driver Management concluded the process to install driver wpdfs.inf_amd64_0e729876a834cfea\wpdfs.inf for Device Instance ID SWD\WPDBUSENUM\{8444A418-75E4-11E5-80E1-005056957DCE}#0000000008010000 with the following status: 0x0.",Info,95835,"1473233907.000","anon_ComputerName_3","WinEventLog:System","WinEventLog:System"
20001,4,"Driver Management concluded the process to install driver wpdfs.inf_amd64_0e729876a834cfea\wpdfs.inf for Device Instance ID SWD\WPDBUSENUM\{8444A418-75E4-11E5-80E1-005056957DCE}#0000000008010000 with the following status: 0x0.",Info,95850,"1473233908.000","anon_ComputerName_3","WinEventLog:System","WinEventLog:System"
20001,4,"Driver Management concluded the process to install driver wpdfs.inf_amd64_0e729876a834cfea\wpdfs.inf for Device Instance ID SWD\WPDBUSENUM\{8444A419-75E4-11E5-80E1-005056957DCE}#0000000008010000 with the following status: 0x0.",Info,95845,"1473233908.000","anon_ComputerName_3","WinEventLog:System","WinEventLog:System"
20001,4,"Driver Management concluded the process to install driver wpdfs.inf_amd64_0e729876a834cfea\wpdfs.inf for Device Instance ID SWD\WPDBUSENUM\{101D6467-7341-11E5-80E0-005056BD58CA}#0000000008010000 with the following status: 0x0.",Info,104707,"1473234137.000","anon_ComputerName_4","WinEventLog:System","WinEventLog:System"
20001,4,"Driver Management concluded the process to install driver wpdfs.inf_amd64_0e729876a834cfea\wpdfs.inf for Device Instance ID SWD\WPDBUSENUM\{101D6466-7341-11E5-80E0-005056BD58CA}#0000000008010000 with the following status: 0x0.",Info,104717,"1473234138.000","anon_ComputerName_4","WinEventLog:System","WinEventLog:System"
20001,4,"Driver Management concluded the process to install driver wpdfs.inf_amd64_0e729876a834cfea\wpdfs.inf for Device Instance ID SWD\WPDBUSENUM\{101D6466-7341-11E5-80E0-005056BD58CA}#0000000008010000 with the following status: 0x0.",Info,104729,"1473234139.000","anon_ComputerName_4","WinEventLog:System","WinEventLog:System"
20001,4,"Driver Management concluded the process to install driver wpdfs.inf_amd64_0e729876a834cfea\wpdfs.inf for Device Instance ID SWD\WPDBUSENUM\{101D6467-7341-11E5-80E0-005056BD58CA}#0000000008010000 with the following status: 0x0.",Info,104722,"1473234139.000","anon_ComputerName_4","WinEventLog:System","WinEventLog:System"
20001,4,"Driver Management concluded the process to install driver FileRepository\disk.inf_amd64_neutral_4d9acdeddbcdfd89\disk.inf for Device Instance ID SCSI\DISK&VEN_DGC&PROD_VRAID\5&1C329EF6&0&000501 with the following status: 0x0.",Info,233336,"1473234356.000","anon_ComputerName_5","WinEventLog:System","WinEventLog:System"
20001,4,"Driver Management concluded the process to install driver FileRepository\disk.inf_amd64_neutral_4d9acdeddbcdfd89\disk.inf for Device Instance ID SCSI\DISK&VEN_DGC&PROD_VRAID\5&1C329EF6&0&000500 with the following status: 0x0.",Info,233344,"1473234357.000","anon_ComputerName_5","WinEventLog:System","WinEventLog:System"
20001,4,"Driver Management concluded the process to install driver wpdfs.inf_amd64_0e729876a834cfea\wpdfs.inf for Device Instance ID SWD\WPDBUSENUM\{101D6466-7341-11E5-80E0-005056BD58CA}#0000000008010000 with the following status: 0x0.",Info,104775,"1473234632.000","anon_ComputerName_4","WinEventLog:System","WinEventLog:System"
20001,4,"Driver Management concluded the process to install driver wpdfs.inf_amd64_0e729876a834cfea\wpdfs.inf for Device Instance ID SWD\WPDBUSENUM\{101D6467-7341-11E5-80E0-005056BD58CA}#0000000008010000 with the following status: 0x0.",Info,104780,"1473234633.000","anon_ComputerName_4","WinEventLog:System","WinEventLog:System"
20001,4,"Driver Management concluded the process to install driver wpdfs.inf_amd64_0e729876a834cfea\wpdfs.inf for Device Instance ID SWD\WPDBUSENUM\{101D6467-7341-11E5-80E0-005056BD58CA}#0000000008010000 with the following status: 0x0.",Info,105065,"1473235588.000","anon_ComputerName_4","WinEventLog:System","WinEventLog:System"
20001,4,"Driver Management concluded the process to install driver wpdfs.inf_amd64_0e729876a834cfea\wpdfs.inf for Device Instance ID SWD\WPDBUSENUM\{101D6466-7341-11E5-80E0-005056BD58CA}#0000000008010000 with the following status: 0x0.",Info,105074,"1473235598.000","anon_ComputerName_4","WinEventLog:System","WinEventLog:System"
20001,4,"Driver Management concluded the process to install driver wpdfs.inf_amd64_0e729876a834cfea\wpdfs.inf for Device Instance ID SWD\WPDBUSENUM\{101D6467-7341-11E5-80E0-005056BD58CA}#0000000008010000 with the following status: 0x0.",Info,105084,"1473235601.000","anon_ComputerName_4","WinEventLog:System","WinEventLog:System"
20001,4,"Driver Management concluded the process to install driver wpdfs.inf_amd64_0e729876a834cfea\wpdfs.inf for Device Instance ID SWD\WPDBUSENUM\{8D2E0165-75E4-11E5-80E1-0050569501D2}#0000000008010000 with the following status: 0x0.",Info,140821,"1473710505.000","anon_ComputerName_2","WinEventLog:System","WinEventLog:System"
20001,4,"Driver Management concluded the process to install driver FileRepository\mpio.inf_amd64_neutral_0c74c0f95001b61c\mpio.inf for Device Instance ID ROOT\MPIO\0000 with the following status: 0x0.",Info,68615730,"1473880738.000","anon_ComputerName_1","WinEventLog:System","WinEventLog:System"
20001,4,"Driver Management concluded the process to install driver FileRepository\msdsm.inf_amd64_neutral_be2b348981b2ef17\msdsm.inf for Device Instance ID ROOT\MPIO\0001 with the following status: 0x0.",Info,68615733,"1473880740.000","anon_ComputerName_1","WinEventLog:System","WinEventLog:System"
20001,4,"Driver Management concluded the process to install driver FileRepository\mppdsm.inf_amd64_neutral_8194895c4d792a17\mppdsm.inf for Device Instance ID ROOT\MPIO\0002 with the following status: 0x0.",Info,68615739,"1473880751.000","anon_ComputerName_1","WinEventLog:System","WinEventLog:System"
20001,4,"Driver Management concluded the process to install driver FileRepository\mpputm.inf_amd64_neutral_d0bab9df432820f8\mpputm.inf for Device Instance ID ROOT\MPPUTMDISK\0000 with the following status: 0x0.",Info,68615742,"1473880757.000","anon_ComputerName_1","WinEventLog:System","WinEventLog:System"
20001,4,"Driver Management concluded the process to install driver FileRepository\wsdscdrv.inf_amd64_neutral_47406488f9e8d5b8\wsdscdrv.inf for Device Instance ID UUID:01BF51F4-1DD2-11B2-A490-8C5B31F1252A\UMB\3&283E3C1&0&HTTP://WSDSERVICEID/2 with the following status: 0xe0000219.",Info,21460,"1474230019.000","anon_ComputerName_10","WinEventLog:System","WinEventLog:System"
